category_id,category_ref,category_name,parent_id,description,image_id,sort,status,created_at,created_user_id,updated_at,updated_user_id
1,3d876d59-3a82-11eb-8393-00e18c9a6c8e,General,,Genaral Category,,1,1,0000-00-00 00:00:00,0,2020-12-10 10:54:27,
2,1755b5a1-8afd-11eb-939b-002590fd1374,Exhaust Fan,0.0,,,1,0,2021-03-22 16:24:49,5,2023-04-29 23:23:46,5.0
3,2bd6caf1-8afd-11eb-939b-002590fd1374,Grinders,2.0,,73.0,1,1,2021-03-22 16:25:23,5,2023-04-06 01:08:09,5.0
4,9b7edf51-8afd-11eb-939b-002590fd1374,Power Tools,0.0,,,1,1,2021-03-22 16:28:31,5,2021-03-22 20:58:39,5.0
5,07c2d126-8ba6-11eb-939b-002590fd1374,Combination Spanner(Combi-Yathuru),0.0,,,1,1,2021-03-23 12:34:06,5,2022-11-29 21:39:24,5.0
6,18da8fb9-8ba6-11eb-939b-002590fd1374,INCO  (YATURU),5.0,,,1,1,2021-03-23 12:34:34,5,2021-07-23 14:22:00,5.0
7,d004d422-8ba6-11eb-939b-002590fd1374,Nylon Rope & Other Rope,0.0,,,1,1,2021-03-23 12:39:42,5,2022-09-15 20:40:27,5.0
8,6080cbb1-8ba7-11eb-939b-002590fd1374,Wood Chisel & Etc,0.0,,,1,1,2021-03-23 12:43:44,5,2022-07-21 00:00:12,5.0
9,6b72f906-8ba7-11eb-939b-002590fd1374,Pipe Wrench,0.0,,,1,1,2021-03-23 12:44:02,5,2021-03-23 12:44:02,
10,0eec4770-8bbe-11eb-939b-002590fd1374,Water Pump,0.0,,,1,1,2021-03-23 15:26:06,5,2021-03-23 15:26:06,
11,24027cf6-8bbe-11eb-939b-002590fd1374,Alluminium Box Bar & Item,152.0,,,1,1,2021-03-23 15:26:41,5,2023-10-01 03:06:04,5.0
12,add68ab9-8bbf-11eb-939b-002590fd1374,Centrifugal Pump,0.0,,2.0,1,1,2021-03-23 15:37:42,5,2021-07-24 15:22:00,5.0
13,33ca29d9-8bc4-11eb-939b-002590fd1374,Deepwell Pump(Nalalin Pump),0.0,,1.0,1,1,2021-03-23 16:10:05,5,2021-07-24 15:17:14,5.0
14,8d23e4d9-8bcd-11eb-939b-002590fd1374,Drill Chuck,0.0,,,1,1,2021-03-23 17:17:00,4,2022-07-21 00:02:15,5.0
15,be0bb7d0-8bcd-11eb-939b-002590fd1374,Ball Cock,0.0,,,1,1,2021-03-23 17:18:22,4,2023-05-09 01:24:42,5.0
16,d91a0bee-8bcd-11eb-939b-002590fd1374,Flexible Condute,0.0,,,1,1,2021-03-23 17:19:07,4,2021-09-30 18:00:30,5.0
17,6e621e39-8bcf-11eb-939b-002590fd1374,Cutting Piltres,0.0,,,1,1,2021-03-23 17:30:27,4,2021-03-23 17:30:27,
18,f1f6a62e-8bcf-11eb-939b-002590fd1374,Long Nose Pilters,0.0,,,1,1,2021-03-23 17:34:08,4,2021-03-23 17:34:08,
19,3568134a-8bd0-11eb-939b-002590fd1374,Bench Vice ,0.0,,81.0,1,1,2021-03-23 17:36:01,4,2022-06-10 01:47:10,5.0
20,6163c6f2-8bd0-11eb-939b-002590fd1374,Cable Tite,0.0,,91.0,1,1,2021-03-23 17:37:15,4,2022-09-15 22:09:49,5.0
21,88fb1086-8bd0-11eb-939b-002590fd1374,Steel Measuring Tape,0.0,,,1,1,2021-03-23 17:38:21,4,2021-03-23 17:38:21,
22,ccc0b75b-8bd0-11eb-939b-002590fd1374,T wrench( T Handel),0.0,,,1,1,2021-03-23 17:40:15,4,2021-10-16 19:54:59,4.0
23,e0587f2d-8c53-11eb-939b-002590fd1374,Highpressure Washer ,0.0,,,1,1,2021-03-24 09:18:30,5,2021-03-24 09:18:30,
24,569228d0-8c56-11eb-939b-002590fd1374,Mesan Work Item,0.0,,,1,1,2021-03-24 09:36:07,5,2022-09-15 20:48:39,5.0
25,5f8264df-8c57-11eb-939b-002590fd1374,Nozel Item.,0.0,,162.0,1,1,2021-03-24 09:43:32,5,2023-07-14 22:49:28,5.0
26,5e9816cf-8c58-11eb-939b-002590fd1374,Padlock,0.0,,,1,1,2021-03-24 09:50:40,5,2022-03-30 21:49:42,5.0
27,427254a7-8c59-11eb-939b-002590fd1374,Impact Drill,0.0,,,1,1,2021-03-24 09:57:02,5,2021-03-24 09:57:02,
28,aeac2ed8-8c5c-11eb-939b-002590fd1374,Heat Gun ,0.0,,,1,1,2021-03-24 10:21:32,5,2021-03-24 10:21:32,
29,798781a1-8c66-11eb-939b-002590fd1374,Spary Gun ,0.0,,,1,1,2021-03-24 11:31:39,5,2021-03-24 11:31:39,
30,624f3e3a-8c67-11eb-939b-002590fd1374,Aliwata Items,0.0,,,1,1,2021-03-24 11:38:09,5,2023-10-05 02:23:18,5.0
31,72417e20-8c67-11eb-939b-002590fd1374,Washing Gun,0.0,,,1,1,2021-03-24 11:38:36,5,2021-03-24 11:38:36,
32,84886324-8c67-11eb-939b-002590fd1374,Drill Bit,0.0,,,1,1,2021-03-24 11:39:07,5,2021-03-24 11:39:07,
33,3657c109-8c68-11eb-939b-002590fd1374,Tool Box,0.0,,,1,1,2021-03-24 11:44:05,5,2021-03-24 11:44:05,
34,7823dbe8-8c68-11eb-939b-002590fd1374,Kathi & Thala,0.0,,,1,1,2021-03-24 11:45:55,5,2022-09-23 23:21:58,5.0
35,96762c3b-8c68-11eb-939b-002590fd1374,Cutting  Wheel/Disk,0.0,,,1,1,2021-03-24 11:46:46,5,2022-10-19 01:07:34,5.0
36,f37ef03c-8c68-11eb-939b-002590fd1374,Nippon ATOM Paint,0.0,,,1,1,2021-03-24 11:49:22,5,2023-04-09 02:45:13,5.0
37,84dc25bc-8c81-11eb-939b-002590fd1374,Brass Padlock ,0.0,,86.0,1,1,2021-03-24 14:45:14,5,2022-06-10 02:16:10,5.0
38,ad313707-8c81-11eb-939b-002590fd1374,Adjustable Wrench ,0.0,,72.0,2,1,2021-03-24 14:46:21,5,2022-06-10 01:36:47,5.0
39,bfbdb4a6-8c81-11eb-939b-002590fd1374,Alkatheen Pipe/ Item,0.0,,69.0,1,1,2021-03-24 14:46:53,5,2022-09-14 23:18:48,5.0
40,ecf0cd45-8c81-11eb-939b-002590fd1374,Circlip Pliers ,0.0,,,1,1,2021-03-24 14:48:08,5,2021-03-24 14:48:08,
41,0ce6e187-8c82-11eb-939b-002590fd1374,VELCRO Paper,0.0,,,1,1,2021-03-24 14:49:02,5,2022-03-20 15:29:37,5.0
42,8e1041d0-8c8e-11eb-939b-002590fd1374,Hydraulic Jack ,0.0,,,1,1,2021-03-24 16:18:33,5,2021-09-27 00:00:27,5.0
43,b0a5c7d8-8c8e-11eb-939b-002590fd1374,Door/Window Items,0.0,,,1,1,2021-03-24 16:19:31,5,2022-06-01 03:36:00,5.0
44,e37bf2c4-8c8e-11eb-939b-002590fd1374,Cistern Set Item,0.0,,,1,1,2021-03-24 16:20:56,5,2023-02-22 23:33:26,5.0
45,22582108-8c8f-11eb-939b-002590fd1374,Clear Hose ,0.0,,,1,1,2021-03-24 16:22:41,5,2022-09-14 23:43:56,5.0
46,59423ab6-8c8f-11eb-939b-002590fd1374,Spanner Item,0.0,,,1,1,2021-03-24 16:24:13,5,2022-10-20 19:20:42,5.0
47,80fc5fa7-8c8f-11eb-939b-002590fd1374,GI Clip,0.0,,,1,1,2021-03-24 16:25:20,5,2022-03-29 02:35:32,5.0
48,bb1144ec-8c8f-11eb-939b-002590fd1374,Wire Brush,0.0,,,1,1,2021-03-24 16:26:58,5,2022-06-17 02:42:03,5.0
49,5bbe49d4-8c90-11eb-939b-002590fd1374,Pop Rivert Gun,0.0,,,1,1,2021-03-24 16:31:27,5,2021-09-26 23:58:46,5.0
50,86125e78-8c90-11eb-939b-002590fd1374,Hand Tools,0.0,,,1,1,2021-03-24 16:32:38,5,2021-09-27 00:09:08,5.0
51,a32a5e8b-8c90-11eb-939b-002590fd1374,Gutter Item,0.0,Elbow.Socket.R/Socket,75.0,1,1,2021-03-24 16:33:27,5,2023-02-15 04:30:58,5.0
52,bcb13186-8c90-11eb-939b-002590fd1374,Safety Goggles ,0.0,,,1,1,2021-03-24 16:34:09,5,2021-03-24 16:34:09,
53,e1fd7334-8d30-11eb-939b-002590fd1374,Garden Items,0.0,,,1,1,2021-03-25 11:40:31,5,2022-05-20 19:30:56,5.0
54,83b23f2a-8d31-11eb-939b-002590fd1374,JAT Paint Brush,0.0,,,1,1,2021-03-25 11:45:02,5,2023-04-12 00:04:01,5.0
55,e72a41ea-8d31-11eb-939b-002590fd1374,Alavangu & Etc,0.0,,,1,1,2021-03-25 11:47:49,5,2022-11-04 21:19:03,5.0
56,fad28ddb-8d31-11eb-939b-002590fd1374,Box Handle,0.0,,,1,1,2021-03-25 11:48:22,5,2021-03-25 11:48:22,
57,4b8e3c84-8d3a-11eb-939b-002590fd1374,Stone Item,0.0,,,1,1,2021-03-25 12:47:53,5,2022-09-23 00:49:36,5.0
58,bd17b74b-8d51-11eb-939b-002590fd1374,Floor Polish,0.0,,97.0,1,1,2021-03-25 15:35:41,5,2022-06-10 02:48:32,5.0
59,f1cb9ebc-8d51-11eb-939b-002590fd1374,Puler,0.0,,,1,1,2021-03-25 15:37:10,5,2021-03-25 15:37:10,
60,f970ba5d-8d51-11eb-939b-002590fd1374,Baldi,0.0,,,1,1,2021-03-25 15:37:22,5,2022-07-20 23:47:22,5.0
61,070ce3bb-8d52-11eb-939b-002590fd1374,Tap,0.0,,,1,1,2021-03-25 15:37:45,5,2022-07-20 23:48:48,5.0
62,237a34df-8d52-11eb-939b-002590fd1374,O/E Wrench,0.0,,,1,1,2021-03-25 15:38:33,5,2022-07-21 00:15:25,5.0
63,37d525a9-8d52-11eb-939b-002590fd1374,U Type Cable Clip,0.0,,,1,1,2021-03-25 15:39:07,5,2023-05-04 04:41:11,5.0
64,4949d0f4-8d52-11eb-939b-002590fd1374,Slon Pvc Item,0.0,,76.0,1,1,2021-03-25 15:39:36,5,2023-01-03 02:51:06,5.0
65,6754ae67-8d52-11eb-939b-002590fd1374,Hammer Bit,0.0,,,1,1,2021-03-25 15:40:27,5,2022-09-30 03:48:54,5.0
66,206ba018-8d53-11eb-939b-002590fd1374,Brush Cutter Blade,0.0,,88.0,1,1,2021-03-25 15:45:37,5,2022-08-02 20:57:04,5.0
67,26108842-8d57-11eb-939b-002590fd1374,water Tank Wosher,0.0,,,1,1,2021-03-25 16:14:25,5,2022-07-21 22:17:01,5.0
68,a1be82c5-8d5f-11eb-939b-002590fd1374,Swisstek Grout & Item,0.0,,,1,1,2021-03-25 17:15:08,5,2022-10-15 02:46:12,5.0
69,bfe83da3-8d5f-11eb-939b-002590fd1374,Alanky [Hex Key],0.0,,67.0,1,1,2021-03-25 17:15:59,5,2023-02-26 22:06:38,5.0
70,db6d322d-8d5f-11eb-939b-002590fd1374,Nippolac Wood Finish,0.0,,,1,1,2021-03-25 17:16:45,5,2023-05-19 20:38:59,5.0
71,ee3598dc-8d5f-11eb-939b-002590fd1374,LED Panel Light,0.0,,,1,1,2021-03-25 17:17:17,5,2022-07-22 00:25:37,5.0
72,7f72b7dc-907b-11eb-939b-002590fd1374,Grease Gun & Items,0.0,,,1,1,2021-03-29 16:12:03,5,2023-08-06 00:23:20,5.0
73,c1b5596f-92be-11eb-939b-002590fd1374,L handle ,0.0,,,1,1,2021-04-01 13:18:28,5,2021-04-01 13:18:28,
74,44731524-92bf-11eb-939b-002590fd1374,DULUX Paint,0.0,,,1,1,2021-04-01 13:22:07,5,2023-05-02 23:59:09,5.0
75,ed5c5e58-92c4-11eb-939b-002590fd1374,Boot,0.0,,,1,1,2021-04-01 14:02:38,5,2022-10-13 18:56:26,5.0
76,c4a6ef67-92c5-11eb-939b-002590fd1374,Peeri,0.0,,,1,1,2021-04-01 14:08:40,5,2022-07-27 01:56:21,5.0
77,2b72c083-92c6-11eb-939b-002590fd1374,Re Entry-1,0.0,,,1,1,2021-04-01 14:11:32,5,2022-07-20 19:59:04,5.0
78,c5bb2012-92c9-11eb-939b-002590fd1374,Carbon Brush ,0.0,,94.0,1,1,2021-04-01 14:37:19,5,2022-06-10 02:24:36,5.0
79,baea4007-92ca-11eb-939b-002590fd1374,Hacksaw Blade,0.0,,,1,1,2021-04-01 14:44:11,5,2022-10-18 22:55:04,5.0
80,6404502f-92cb-11eb-939b-002590fd1374,C/Saw Blade,0.0,,,1,1,2021-04-01 14:48:54,5,2022-07-21 21:11:11,5.0
81,13b8406d-92d0-11eb-939b-002590fd1374,Cable Trunking ,0.0,,,1,1,2021-04-01 15:22:27,5,2022-08-06 03:41:11,5.0
82,13f734bd-92d8-11eb-939b-002590fd1374,Edited use number,0.0,,,1,1,2021-04-01 16:19:43,5,2022-11-16 03:42:27,5.0
83,a04899ed-92d8-11eb-939b-002590fd1374,Diamond Wheel,0.0,,,1,1,2021-04-01 16:23:39,5,2021-04-01 16:23:39,
84,16c43a15-92db-11eb-939b-002590fd1374,TV Bracket,0.0,,,1,1,2021-04-01 16:41:16,5,2022-08-19 03:40:57,5.0
85,5732945d-9395-11eb-939b-002590fd1374,Screwdriver,0.0,,,1,1,2021-04-02 14:54:30,5,2021-04-02 14:54:30,
86,e7cd0b25-9395-11eb-939b-002590fd1374,Other Wrench,0.0,,,1,1,2021-04-02 14:58:32,5,2022-09-04 20:07:53,5.0
87,451e25e7-982b-11eb-939b-002590fd1374,Chain Saw Item,0.0,,,1,1,2021-04-08 10:57:37,5,2022-11-04 00:37:58,5.0
88,70fa38c8-982c-11eb-939b-002590fd1374,Nippolac Briliant White,0.0,,,1,1,2021-04-08 11:06:00,5,2022-03-29 01:52:39,5.0
89,11325a9e-a1b0-11eb-939b-002590fd1374,Combination Wrench ,0.0,,,1,1,2021-04-20 13:40:33,5,2021-04-20 13:40:33,
90,998913d3-a1b0-11eb-939b-002590fd1374,Other Lock,0.0,,,1,1,2021-04-20 13:44:22,5,2022-11-19 02:52:45,5.0
91,2a866208-a1b1-11eb-939b-002590fd1374,Nippolac Other Paint,0.0,,,1,1,2021-04-20 13:48:25,5,2022-03-29 01:53:14,5.0
92,b2930918-a7d2-11eb-8a3a-002590fd1374,Spirit Level,0.0,,,1,1,2021-04-28 09:04:43,5,2021-04-28 09:04:43,
93,56aca681-afd1-11eb-9ec8-002590fd1374,Rotary Hammer ,0.0,,,1,1,2021-05-08 13:15:19,5,2021-05-08 13:15:19,
94,4827880c-b14b-11eb-9ec8-002590fd1374,Brush Cutter Items,0.0,,89.0,1,1,2021-05-10 10:20:41,5,2022-11-04 00:37:36,5.0
95,ec80e7fb-b150-11eb-9ec8-002590fd1374,Electric Blower ,0.0,,,1,1,2021-05-10 11:01:04,5,2021-05-10 11:01:04,
96,410a6e50-b22e-11eb-9ec8-002590fd1374,Raino (No1) Sand Paper,0.0,,163.0,1,1,2021-05-11 13:25:23,5,2023-07-28 01:45:59,5.0
97,d7792f12-b247-11eb-9ec8-002590fd1374,PVC Items,0.0,,,1,1,2021-05-11 16:28:32,4,2021-05-11 16:28:32,
98,e5f469d7-b247-11eb-9ec8-002590fd1374,Electric Items,0.0,,,1,1,2021-05-11 16:28:56,4,2021-05-11 16:28:56,
99,0b99b453-b248-11eb-9ec8-002590fd1374,Bathroom Items,0.0,,80.0,1,1,2021-05-11 16:30:00,4,2022-06-10 01:45:46,5.0
100,fb338b8f-b891-11eb-8815-002590fd1374,Box Socket ,0.0,,85.0,1,1,2021-05-19 16:34:19,5,2022-06-10 02:15:06,5.0
101,2c7865db-b925-11eb-8815-002590fd1374,Tile Cutter,0.0,,,1,1,2021-05-20 10:07:56,5,2021-05-20 10:07:56,
102,591d39cd-e141-11eb-8322-002590fd1374,Barbed Wire (Katu Kambi),0.0,,79.0,1,1,2021-07-10 11:10:12,5,2022-06-10 01:44:02,5.0
103,5cd1d34c-e143-11eb-8322-002590fd1374,Fevicol Item,0.0,,,1,1,2021-07-10 11:24:38,5,2022-09-14 19:41:04,5.0
104,a47b08e1-e467-11eb-8322-002590fd1374,Condiut Bent/Tee/Clip/Socket,142.0,,,1,1,2021-07-14 11:21:47,5,2023-05-26 21:30:12,5.0
105,244611fa-e470-11eb-8322-002590fd1374,NP Sand Paper,0.0,,,1,1,2021-07-14 12:22:37,5,2022-11-19 01:48:50,5.0
106,a4dd4039-e470-11eb-8322-002590fd1374,Pruning Saw,0.0,,,1,1,2021-07-14 12:26:13,5,2022-09-15 21:01:09,5.0
107,af14d73e-e7b4-11eb-8322-002590fd1374,Thahadu (G I Roofing),0.0,,,1,1,2021-07-18 16:10:42,5,2021-07-21 18:50:47,5.0
108,42ff2162-e7b5-11eb-8322-002590fd1374,Plain Sheet,0.0,,,1,1,2021-07-18 16:14:50,5,2021-07-18 16:14:50,
109,b1ca51e0-e85a-11eb-8322-002590fd1374,Wayarin Wire,0.0,,,1,1,2021-07-19 11:59:01,5,2023-07-13 03:37:04,5.0
110,081fd4ce-e85d-11eb-8322-002590fd1374,Thread Bar,0.0,,,1,1,2021-07-19 12:15:45,5,2021-07-19 12:15:45,
111,7a298e1d-e85d-11eb-8322-002590fd1374,Nut And Bolt,0.0,,,1,1,2021-07-19 12:18:56,5,2021-07-19 12:18:56,
112,6cc7ae25-e881-11eb-8322-002590fd1374,Gum,0.0,,,1,1,2021-07-19 16:36:15,4,2021-07-19 16:36:15,
113,46eb6e50-e885-11eb-8322-002590fd1374,PVC Pipe,113.0,,,1,1,2021-07-19 17:03:50,5,2023-02-18 04:39:48,5.0
114,e9654800-e88b-11eb-8322-002590fd1374,PVC Socket,113.0,,,1,1,2021-07-19 17:51:19,5,2021-07-19 17:51:19,
115,38dda30a-e88d-11eb-8322-002590fd1374,PVC Elbow,97.0,,,1,1,2021-07-19 18:00:42,5,2021-07-19 18:00:42,
116,3a8bed5a-e88e-11eb-8322-002590fd1374,PVC Equal Tee,97.0,,,1,1,2021-07-19 18:07:55,5,2022-09-16 00:21:27,5.0
117,7cc72dda-e88f-11eb-8322-002590fd1374,PVC Valve Socket,97.0,,,1,1,2021-07-19 18:16:55,5,2021-07-19 18:16:55,
118,4f946a25-e890-11eb-8322-002590fd1374,PVC Faucet Socket,97.0,,,1,1,2021-07-19 18:22:49,5,2021-07-19 18:22:49,
119,e1b289b6-e891-11eb-8322-002590fd1374,PVC Red/Socket,97.0,,,1,1,2021-07-19 18:34:04,5,2022-09-16 00:21:42,5.0
120,3043c03f-e893-11eb-8322-002590fd1374,PVC Red/Tee,97.0,,,1,1,2021-07-19 18:43:25,5,2022-09-16 00:22:02,5.0
121,06e07dad-e949-11eb-8322-002590fd1374,Rat Cage(Mee Katuru),0.0,,,1,1,2021-07-20 16:25:02,5,2021-08-03 14:01:24,5.0
122,33cafe5e-e949-11eb-8322-002590fd1374,Hunu,0.0,,,1,1,2021-07-20 16:26:17,5,2022-09-15 21:24:11,5.0
123,4a381aa9-e949-11eb-8322-002590fd1374,Foot Valve,0.0,,,1,1,2021-07-20 16:26:55,5,2021-07-20 16:26:55,
124,6d08fd70-e949-11eb-8322-002590fd1374,Nikal Bathroom Item,141.0,,,1,1,2021-07-20 16:27:53,5,2022-10-25 01:33:13,5.0
125,845c5920-e949-11eb-8322-002590fd1374,Potty Mixture,0.0,,,1,1,2021-07-20 16:28:32,5,2021-07-20 16:28:32,
126,a2c8ab13-e949-11eb-8322-002590fd1374,Hand Saw (Ath Kiyath),0.0,,,1,1,2021-07-20 16:29:23,5,2021-08-03 16:25:30,5.0
127,bc72e5ff-e949-11eb-8322-002590fd1374,Tape,0.0,,,1,1,2021-07-20 16:30:06,5,2021-07-20 16:30:06,
128,d6c70368-e949-11eb-8322-002590fd1374,Gas Parts,0.0,,,1,1,2021-07-20 16:30:51,5,2022-11-04 21:06:45,5.0
129,63a2eb80-e9e8-11eb-8322-002590fd1374,Gate Bush,,,,1,1,2021-07-21 11:25:47,4,2023-01-13 01:13:42,5.0
130,23057056-e9ee-11eb-8322-002590fd1374,Sand Paper,0.0,,,1,1,2021-07-21 12:06:55,5,2022-07-23 21:44:38,5.0
131,3cdbceaf-e9ee-11eb-8322-002590fd1374, Lion Sand Paper,130.0,,64.0,1,1,2021-07-21 12:07:38,5,2022-07-23 21:44:21,5.0
132,29bfb215-e9f1-11eb-8322-002590fd1374,Ball Valve,0.0,,77.0,1,1,2021-07-21 12:28:35,5,2022-06-10 01:42:55,5.0
133,c09c9a12-e9fd-11eb-8322-002590fd1374,Grinder Pade,0.0,,,1,1,2021-07-21 13:58:42,5,2021-07-21 13:58:42,
134,a9bf6664-e9fe-11eb-8322-002590fd1374,wood Cuting weel,0.0,,,1,1,2021-07-21 14:05:13,5,2021-07-21 14:05:13,
135,7bafd256-ea00-11eb-8322-002590fd1374,Water Mate Pipe,136.0,,,1,1,2021-07-21 14:18:15,5,2022-08-06 01:27:06,5.0
136,8685eb6b-ea00-11eb-8322-002590fd1374,FIXTEC Hand Tool,0.0,,,1,1,2021-07-21 14:18:33,5,2022-05-26 03:38:15,5.0
137,cfd96473-ea0b-11eb-8322-002590fd1374,Nail,0.0,,,1,1,2021-07-21 15:39:20,5,2023-02-13 20:44:21,5.0
138,0e18cd34-ea11-11eb-8322-002590fd1374,-,141.0,,,1,0,2021-07-21 16:16:52,5,2023-08-20 00:56:46,5.0
139,59b4c1e6-ea11-11eb-8322-002590fd1374,Orange Electric Items,98.0,,,1,1,2021-07-21 16:18:59,5,2023-10-01 03:05:42,5.0
140,6679e875-ea11-11eb-8322-002590fd1374,Wood Polish,0.0,,,1,1,2021-07-21 16:19:21,5,2023-06-29 01:16:42,5.0
141,e9a46eb9-ea11-11eb-8322-002590fd1374,Metal Filler(Catlobase),0.0,,,1,1,2021-07-21 16:23:01,5,2022-11-23 20:18:59,5.0
142,553090ae-ea12-11eb-8322-002590fd1374,Condiut Pipe,142.0,,,1,1,2021-07-21 16:26:01,5,2023-10-01 03:06:37,5.0
143,96d59337-ea17-11eb-8322-002590fd1374,Flap Disc,0.0,,,1,1,2021-07-21 17:03:39,5,2022-06-19 03:12:14,5.0
144,3d2719b4-eaa3-11eb-8322-002590fd1374,Bulb,0.0,,90.0,1,1,2021-07-22 09:43:17,5,2022-06-10 02:21:22,5.0
145,588f3adb-eaa3-11eb-8322-002590fd1374,Kevilton Bulb/LED,144.0,,,1,1,2021-07-22 09:44:03,5,2022-07-22 00:36:56,5.0
146,88a2e7a2-eaa3-11eb-8322-002590fd1374,Dimo Bulb - LED,144.0,,,1,1,2021-07-22 09:45:23,5,2022-03-26 03:33:35,5.0
147,21ed7729-eaac-11eb-8322-002590fd1374,Switch-KRYPTON,0.0,,,1,1,2021-07-22 10:46:56,5,2022-09-16 00:50:27,5.0
148,34db041a-eaac-11eb-8322-002590fd1374,Kevilton Switch,147.0,,,1,1,2021-07-22 10:47:28,5,2021-07-22 10:47:28,
149,4afcf65c-eaae-11eb-8322-002590fd1374,Plug Point,0.0,,,1,1,2021-07-22 11:02:24,5,2021-07-22 11:02:24,
150,57a375ac-eb6a-11eb-8322-002590fd1374,Box Socket Alanky(HEXB),0.0,,160.0,1,1,2021-07-23 09:28:29,5,2023-07-12 00:38:16,5.0
151,6cd19531-eb6a-11eb-8322-002590fd1374,Kevilton Breaker,150.0,,,1,1,2021-07-23 09:29:04,5,2023-01-16 23:32:50,5.0
152,836e9be3-f042-11eb-a9da-002590fd1374,GI Pipe/Box Bar,0.0,,,1,1,2021-07-29 13:26:41,4,2022-11-10 00:37:06,5.0
153,a0cf7c10-f042-11eb-a9da-002590fd1374,SR Steel (Kambi),152.0,,,1,1,2021-07-29 13:27:30,4,2021-07-29 13:27:30,
154,3d89e107-f2a0-11eb-a9da-002590fd1374,Saraneru,0.0,,,1,1,2021-08-01 13:42:33,5,2021-08-01 13:42:33,
155,52e55d38-f2a0-11eb-a9da-002590fd1374,Kondipattam,0.0,,,1,1,2021-08-01 13:43:08,5,2021-08-01 13:43:08,
156,9278bd48-f2a1-11eb-a9da-002590fd1374,Tower Bolt (Soibo),0.0,,,1,1,2021-08-01 13:52:05,5,2022-09-15 20:11:24,5.0
157,a2bc540f-f42d-11eb-a9da-002590fd1374,Paint Brush,0.0,,,1,1,2021-08-03 13:07:09,5,2021-08-03 13:07:09,
158,7ce42303-f433-11eb-a9da-002590fd1374,Door Lock,0.0,,,1,1,2021-08-03 13:49:02,5,2021-08-03 13:49:02,
159,e5112bc1-f434-11eb-a9da-002590fd1374,Concret Nails(Concret Ana),0.0,,56.0,1,1,2021-08-03 13:59:07,5,2022-06-10 00:49:47,5.0
160,ac9c20d8-fb39-11eb-bc59-002590fd1374,Circular Saw,0.0,,,1,1,2021-08-12 12:20:59,5,2021-08-12 12:20:59,
161,e20da555-fb3a-11eb-bc59-002590fd1374,Sander,0.0,,,1,1,2021-08-12 12:29:39,5,2021-08-12 12:29:39,
162,6f4fca77-fb43-11eb-bc59-002590fd1374,Combination Pliers(Katar Adu),0.0,,,1,1,2021-08-12 13:30:52,5,2021-08-12 13:30:52,
163,d540017f-ff33-11eb-bd28-002590fd1374,Cup Hooks,0.0,,,1,1,2021-08-17 13:49:22,5,2021-08-17 13:49:22,
164,ac1b2792-ff34-11eb-bd28-002590fd1374,Dry Wall Screw (Iskuruppu Ana),0.0,,122.0,1,1,2021-08-17 13:55:22,5,2022-06-18 22:18:10,5.0
165,0c852f97-ff3b-11eb-bd28-002590fd1374,Wall Plug,0.0,,57.0,1,1,2021-08-17 14:41:01,5,2022-06-10 00:50:27,5.0
166,3c8a1b1c-ff3c-11eb-bd28-002590fd1374,Roofing Screw (Sheet Ana),0.0,,,1,1,2021-08-17 14:49:31,5,2021-10-27 15:53:42,5.0
167,897c08ae-ff3f-11eb-bd28-002590fd1374,Main Switch,0.0,,,1,1,2021-08-17 15:13:08,5,2021-08-17 15:13:08,
168,96e86739-ff3f-11eb-bd28-002590fd1374,Trip Switch,0.0,,,1,1,2021-08-17 15:13:31,5,2022-09-03 03:12:53,5.0
169,6a05e953-ff44-11eb-bd28-002590fd1374,Suction Hose Item,0.0,,155.0,1,1,2021-08-17 15:48:04,5,2023-02-24 22:39:57,5.0
170,71d1ee68-fffa-11eb-bd28-002590fd1374,Piththala Cupling/ Valve,0.0,,,1,1,2021-08-18 13:31:03,5,2022-07-19 22:13:47,5.0
171,53919ffd-fffc-11eb-bd28-002590fd1374,Baral Nipple  & Other Nipple,0.0,,78.0,1,1,2021-08-18 13:44:32,5,2022-09-15 20:29:04,5.0
172,8741fa54-fffc-11eb-bd28-002590fd1374,Lamba,0.0,,,1,1,2021-08-18 13:45:58,5,2022-06-19 01:09:59,5.0
173,73cb7d03-0000-11ec-bd28-002590fd1374,Other Paints,0.0,,,1,1,2021-08-18 14:14:04,5,2022-11-23 22:33:35,5.0
174,215b4e3c-0001-11ec-bd28-002590fd1374,Water Pump Parts Items,0.0,,,1,1,2021-08-18 14:18:55,5,2023-10-04 19:53:35,5.0
175,c2a94743-1b80-11ec-bd28-002590fd1374,Pop Rivert,0.0,,,1,1,2021-09-22 14:09:31,5,2021-09-22 14:09:31,
176,2f649713-1dc0-11ec-bd28-002590fd1374,PVC End Cap,97.0,,,1,1,2021-09-25 10:48:29,5,2023-04-23 21:59:04,5.0
177,a7f95894-1dc3-11ec-bd28-002590fd1374,PE+,0.0,,,1,1,2021-09-25 11:13:20,5,2021-09-25 11:13:20,
178,503d9187-2119-11ec-98ee-002590fd1374,Nidan Wasthu,0.0,,,1,1,2021-09-29 17:05:13,5,2021-09-29 17:05:13,
179,47dac32e-2120-11ec-98ee-002590fd1374,Sheet,0.0,,,1,1,2021-09-29 17:55:05,5,2023-06-06 20:07:04,5.0
180,eaaadaa1-2a53-11ec-bfb2-002590fd1374,Woshar,0.0,,,1,1,2021-10-11 10:57:04,5,2021-10-11 10:57:04,
181,b152b5e4-2a5b-11ec-bfb2-002590fd1374,PVC Bend,0.0,,82.0,1,1,2021-10-11 11:52:44,5,2023-02-18 04:54:29,5.0
182,a715da5b-2da2-11ec-bfb2-002590fd1374,Nippolac Anticorrosive,0.0,,,1,1,2021-10-15 15:58:07,5,2021-10-15 15:58:07,
183,9459916c-2da3-11ec-bfb2-002590fd1374,Nippolac Bright Aluminium,0.0,,,1,1,2021-10-15 16:04:45,5,2021-10-15 19:35:42,5.0
184,9f73b5c6-2da3-11ec-bfb2-002590fd1374,Chinese Lacquer,0.0,,96.0,1,0,2021-10-15 16:05:04,5,2023-08-20 00:57:28,5.0
185,d71be577-2da3-11ec-bfb2-002590fd1374,Nippolac Emulsion,0.0,,,1,1,2021-10-15 16:06:37,5,2021-10-15 16:06:37,
186,e172f3bf-2da3-11ec-bfb2-002590fd1374,Nippolac Enamel,0.0,,,1,1,2021-10-15 16:06:55,5,2021-10-15 16:06:55,
187,f4444403-2da3-11ec-bfb2-002590fd1374,Nippolac Floor Paint,0.0,,,1,1,2021-10-15 16:07:26,5,2021-10-15 16:07:26,
188,017f053c-2da4-11ec-bfb2-002590fd1374,Nippolac Wood Laquer,0.0,,,1,1,2021-10-15 16:07:48,5,2021-10-15 16:07:48,
189,0bad2353-2da4-11ec-bfb2-002590fd1374,Nippo Coat,0.0,,,1,1,2021-10-15 16:08:06,5,2021-10-15 16:08:06,
190,14a9ff34-2da4-11ec-bfb2-002590fd1374,Nippon Breeze,0.0,,,1,1,2021-10-15 16:08:21,5,2021-10-15 16:08:21,
191,221afc10-2da4-11ec-bfb2-002590fd1374,Nippolac Pylox Spray,0.0,,,1,1,2021-10-15 16:08:43,5,2021-10-15 16:08:43,
192,30ebd3d5-2da4-11ec-bfb2-002590fd1374,Nippolac Roofing Paint,0.0,,,1,1,2021-10-15 16:09:08,5,2021-10-15 16:09:08,
193,8c432b16-2da4-11ec-bfb2-002590fd1374,Nippolac Ryo Pylac 3000,0.0,,,1,1,2021-10-15 16:11:41,5,2021-10-15 16:11:41,
194,989b9e70-2da4-11ec-bfb2-002590fd1374,Nippolac Sanding Sealer,0.0,,,1,1,2021-10-15 16:12:02,5,2021-10-15 16:12:02,
195,ab8e186a-2da4-11ec-bfb2-002590fd1374,Nippolac Varnish,0.0,,,1,1,2021-10-15 16:12:34,5,2021-10-16 19:31:32,5.0
196,fc309f38-2da4-11ec-bfb2-002590fd1374,Nippolac W/B 1K Floor Paint,0.0,,,1,1,2021-10-15 16:14:49,5,2021-10-15 19:48:00,5.0
197,500cf3ad-2da5-11ec-bfb2-002590fd1374,Nippolac W/B Gold Paint,0.0,,,1,1,2021-10-15 16:17:10,5,2021-10-15 19:48:12,5.0
198,55bd5ecb-2da5-11ec-bfb2-002590fd1374,Nippolac Wall Filler,0.0,,,1,1,2021-10-15 16:17:19,5,2021-10-15 19:47:43,5.0
199,845f6249-2da5-11ec-bfb2-002590fd1374,Nippolac Weatherproof,0.0,,,1,1,2021-10-15 16:18:37,5,2021-10-15 16:18:37,
200,bb2cf1b9-2da5-11ec-bfb2-002590fd1374,Nippolac & Other Wood Preservative,0.0,,,1,1,2021-10-15 16:20:09,5,2023-01-26 00:58:37,5.0
201,c5d0b124-2da5-11ec-bfb2-002590fd1374,Nippolac  Wood Putty,0.0,,,1,1,2021-10-15 16:20:27,5,2021-10-15 16:20:27,
202,e7ea0bb8-2da5-11ec-bfb2-002590fd1374,Nippolac Wood Stain,0.0,,,1,1,2021-10-15 16:21:25,5,2021-10-15 16:21:25,
203,3727f35a-2e7e-11ec-bfb2-002590fd1374,Q/D Primer -NP,0.0,,,1,1,2021-10-16 18:09:47,5,2022-04-21 02:42:31,5.0
204,6f9228d6-2efc-11ec-bfb2-002590fd1374,Nippolac W/B,0.0,,,1,1,2021-10-17 09:13:17,5,2022-08-20 00:20:40,5.0
205,c9436549-33ba-11ec-9b1d-002590fd1374,Paint Remover,220.0,,,1,1,2021-10-23 10:06:19,5,2022-06-09 03:59:54,5.0
206,101e1a85-3576-11ec-9b1d-002590fd1374,Polythene Item,0.0,,,1,1,2021-10-25 14:59:21,5,2022-09-23 23:22:58,5.0
207,d904ffda-36f3-11ec-9b1d-002590fd1374,Amano Screw,0.0,,68.0,1,1,2021-10-27 12:32:13,5,2022-06-10 01:34:36,5.0
208,4e25f694-3c62-11ec-9b1d-002590fd1374,Welding Rods,0.0,,,1,1,2021-11-03 10:25:18,5,2021-11-03 10:25:18,
209,8a90f497-3c62-11ec-9b1d-002590fd1374,Welding Parts,0.0,,,1,1,2021-11-03 10:26:59,5,2021-11-03 10:26:59,
210,d03ec595-3eb9-11ec-9b1d-002590fd1374,Hiramana ,0.0,,,1,1,2021-11-06 09:56:40,5,2021-11-06 09:56:40,
211,d347f5d9-4608-11ec-9fd6-002590fd1374,Screper,0.0,,,1,1,2021-11-15 17:10:15,5,2022-06-02 02:37:35,5.0
212,d61c469b-4b7f-11ec-9fd6-002590fd1374,Water Seals,0.0,,,1,1,2021-11-22 16:04:33,5,2021-11-22 20:36:22,5.0
213,f53ad6cb-4b80-11ec-9fd6-002590fd1374,Condencer,0.0,,,1,1,2021-11-22 16:12:35,5,2021-11-22 16:12:35,
214,f8ee6e41-5322-11ec-92e9-002590fd1374,Torch,0.0,,,1,1,2021-12-02 09:20:09,5,2022-10-30 20:09:12,5.0
215,9f50bbe8-5677-11ec-abdf-002590fd1374,Nippolac Auto Paint,0.0,,,1,1,2021-12-06 15:03:51,5,2021-12-06 15:03:51,
216,abde9f01-5677-11ec-abdf-002590fd1374,Nippolac Board Paint,0.0,,,1,1,2021-12-06 15:04:12,5,2021-12-06 15:04:12,
217,a43fd39a-5e5b-11ec-abdf-002590fd1374,Multibone Glue,0.0,,,1,1,2021-12-16 16:03:25,5,2023-06-08 23:19:43,5.0
218,c2b98366-646f-11ec-abdf-002590fd1374,Polycrome ,0.0,,,1,1,2021-12-24 09:42:20,5,2021-12-24 09:42:20,
219,7baae40a-66ee-11ec-abdf-002590fd1374,Raino Sand Paper,0.0,,,1,1,2021-12-27 13:54:23,5,2022-07-23 21:44:30,5.0
220,f6f4979f-679e-11ec-abdf-002590fd1374,Chemicals,0.0,,95.0,1,1,2021-12-28 10:57:40,5,2022-06-10 02:30:31,5.0
221,b5a630bd-689c-11ec-abdf-002590fd1374,Jat Paint,0.0,,,1,1,2021-12-29 17:14:00,5,2021-12-29 17:14:00,
222,8213218a-6af9-11ec-abdf-002590fd1374,Amano Sheet,0.0,,70.0,1,1,2022-01-01 17:23:14,5,2022-06-10 01:35:39,5.0
223,0e938d25-6ee4-11ec-abdf-002590fd1374,CHINT,0.0,,,1,1,2022-01-06 16:59:37,5,2022-08-10 19:22:04,5.0
224,5b3f7a92-7070-11ec-abdf-002590fd1374,Router Bits,0.0,,,1,1,2022-01-08 16:16:23,5,2022-01-08 16:16:23,
225,d50acfe5-7114-11ec-abdf-002590fd1374,Fine Fix,0.0,,,1,1,2022-01-09 11:53:43,5,2022-04-02 23:26:17,5.0
226,ca10827a-71fb-11ec-abdf-002590fd1374,NP - Spray (M/P),0.0,,,1,1,2022-01-10 15:26:57,5,2022-03-19 20:37:49,5.0
227,ca12ed3e-71fb-11ec-abdf-002590fd1374,Silicone,0.0,,,1,1,2022-01-10 15:26:57,5,2022-01-10 15:26:57,
228,955a726d-79ae-11ec-9b8d-002590fd1374,Thread Bar & Nuts,0.0,,,1,1,2022-01-20 10:35:27,5,2022-05-18 02:43:37,5.0
229,726966ed-79af-11ec-9b8d-002590fd1374,SS Nails,0.0,,,1,1,2022-01-20 10:41:38,5,2022-01-20 10:41:38,
230,fb3c01cc-7e85-11ec-9b8d-002590fd1374,Binding Wire,0.0,,,1,1,2022-01-26 14:27:14,5,2023-01-15 04:34:23,5.0
231,d3502824-80c2-11ec-9b8d-002590fd1374,Plastic Can/Baral,0.0,"Kosu, Idal , Mop, Brush, ",,1,1,2022-01-29 10:47:44,5,2023-11-21 03:51:19,5.0
232,bf606217-8283-11ec-9b8d-002590fd1374,Flood Light,0.0,,,1,1,2022-01-31 16:21:10,5,2022-01-31 16:21:10,
233,f56a3e70-84ed-11ec-9b8d-002590fd1374,Plywood/ Board,0.0,,,1,1,2022-02-03 18:06:25,5,2022-09-23 23:09:31,5.0
234,7e50bd62-863e-11ec-9b8d-002590fd1374,Wheel Barrow,0.0,,,1,1,2022-02-05 10:15:22,5,2022-02-05 14:48:34,5.0
235,a06d9879-8662-11ec-9b8d-002590fd1374,Knife (Pihi),0.0,,,1,1,2022-02-05 14:34:01,5,2022-06-18 23:41:35,5.0
236,f6874de1-8972-11ec-8514-002590fd1374,Powder (Cement),0.0,,,1,1,2022-02-09 12:08:59,5,2022-06-18 23:37:23,5.0
237,94f667fa-8a58-11ec-8514-002590fd1374,Door Handle,0.0,,,1,1,2022-02-10 15:32:37,5,2022-02-10 15:32:37,
238,aff785c9-8a72-11ec-8514-002590fd1374,Floor Carpat,0.0,,,1,1,2022-02-10 18:39:29,5,2022-08-16 03:33:12,5.0
239,239790f2-8c9d-11ec-8514-002590fd1374,Motor Switch &Box,0.0,,,1,1,2022-02-13 12:48:20,5,2023-07-21 22:12:52,5.0
240,f15042cc-8e29-11ec-aece-002590fd1374,Nippon Paint Brush,0.0,,,1,1,2022-02-15 12:08:51,5,2022-02-15 16:41:48,5.0
241,9c618bcc-8fd2-11ec-aece-002590fd1374,Capacitor OEM,0.0,,93.0,1,1,2022-02-17 14:48:40,5,2022-06-10 02:23:29,5.0
242,ea18e013-8fd3-11ec-aece-002590fd1374,Combination Box ,0.0,,,1,1,2022-02-17 14:58:00,5,2022-02-17 14:58:00,
243,9ef157c8-8fd5-11ec-aece-002590fd1374,Sharpen Wheel ,0.0,,,1,1,2022-02-17 15:10:13,5,2022-02-17 15:10:13,
244,59e007f9-90a9-11ec-aece-002590fd1374,Curtain Items,0.0,,,1,1,2022-02-18 16:25:49,5,2022-02-18 16:25:49,
245,e646aae0-9301-11ec-aece-002590fd1374,Brazo,0.0,,,1,1,2022-02-21 16:04:38,5,2022-02-21 16:04:38,
246,ec5f3b3e-9301-11ec-aece-002590fd1374,Spray,0.0,,,1,1,2022-02-21 16:04:48,5,2022-02-21 16:04:48,
247,edebe17c-930e-11ec-aece-002590fd1374,Hose Clip New,97.0,,156.0,1,1,2022-02-21 17:37:53,5,2023-05-24 20:49:57,5.0
248,7cd4ddfa-963a-11ec-aece-002590fd1374,Rijifoam,0.0,,,1,1,2022-02-25 18:27:09,5,2022-02-25 18:27:09,
249,73f0c815-96db-11ec-aece-002590fd1374,Rubber Bush,0.0,,,1,1,2022-02-26 13:39:20,5,2023-01-16 00:14:05,5.0
250,953d8c39-9866-11ec-aece-002590fd1374,Shower,0.0,,,1,1,2022-02-28 12:47:45,5,2022-06-10 04:09:45,5.0
251,c9f2f9e9-9a2b-11ec-aece-002590fd1374,GI NET/ Mesh/Tent,0.0,,,1,1,2022-03-02 18:51:50,5,2023-05-20 02:45:11,5.0
252,f28cdc80-9acf-11ec-aece-002590fd1374,Dog Items,0.0,"Chain, Pati ,Belt",,1,1,2022-03-03 14:26:55,5,2022-03-03 19:21:50,5.0
253,eccf8d5c-9ad0-11ec-aece-002590fd1374,Scale,0.0,,,1,1,2022-03-03 14:33:54,5,2022-06-17 02:46:30,5.0
254,ae5d2aa3-a0f2-11ec-a6a3-002590fd1374,Pulley,0.0,,,1,1,2022-03-11 09:51:08,5,2022-03-11 09:51:08,
255,13b37bba-a0f6-11ec-a6a3-002590fd1374,Trolly Wheel,0.0,,,1,1,2022-03-11 10:15:26,5,2022-03-11 10:15:26,
256,e237dfc0-a6a6-11ec-a6a3-002590fd1374,INGCO Socket,0.0,,,1,1,2022-03-18 16:03:28,5,2022-03-18 16:03:28,
257,d860832c-a77d-11ec-a6a3-002590fd1374,EPIFIX ,0.0,,,1,1,2022-03-19 17:42:11,5,2022-03-19 17:42:11,
258,31c568b4-ab61-11ec-acbc-5254007123c1,Hose pipe- PVC,0.0,Garden Hose,20.0,1,1,2022-03-24 16:27:27,5,2022-03-25 02:58:27,5.0
259,f17bd243-ab63-11ec-acbc-5254007123c1,Hammer,0.0,,,1,1,2022-03-24 16:47:08,5,2022-03-24 16:47:08,
260,c9397463-ae64-11ec-b57e-5254007123c1,Glouse,0.0,,21.0,1,1,2022-03-28 12:30:43,5,2022-03-28 12:30:43,
261,c3681351-b1a4-11ec-b57e-5254007123c1,Robbialac Paint,0.0,,,1,1,2022-04-01 15:46:15,5,2022-04-01 15:46:15,
262,32adcdc1-b414-11ec-b57e-5254007123c1,Water Tank ,0.0,,,1,1,2022-04-04 18:08:58,5,2022-04-04 18:08:58,
263,98bd7a62-b5a8-11ec-b57e-5254007123c1,SINK,0.0,,22.0,1,1,2022-04-06 18:23:46,5,2022-04-06 18:23:46,
264,09c6b7ee-befd-11ec-b57e-5254007123c1,Anchor Bolt,0.0,,71.0,1,1,2022-04-18 15:20:54,5,2022-06-10 01:36:31,5.0
265,f4b038e6-cab6-11ec-b57e-5254007123c1,Krypton Bracker,0.0,,,1,1,2022-05-03 13:29:27,5,2022-09-15 22:05:49,5.0
266,f0b6695e-e0d7-11ec-8fdc-5254007123c1,Thinner,0.0,,,1,1,2022-05-31 17:21:00,5,2022-05-31 17:21:00,
267,127c03bf-e0dc-11ec-8fdc-5254007123c1,Extension Code,0.0,,,1,1,2022-05-31 17:50:34,5,2022-05-31 17:50:34,
268,2e5771b7-e97b-11ec-8fdc-5254007123c1,Mamoty (Udalu),0.0,,,1,1,2022-06-11 17:09:40,5,2022-08-02 20:27:55,5.0
269,56fa88d1-f2cb-11ec-8fdc-5254007123c1,ZENOI Bulb,0.0,,,1,1,2022-06-23 13:36:09,5,2022-06-23 13:36:09,
270,f7e08ec3-f693-11ec-8fdc-5254007123c1,Self Bracket,0.0,,,1,1,2022-06-28 09:09:52,5,2022-06-28 09:09:52,
271,6167aa69-0101-11ed-8fdc-5254007123c1,Alluminium Angle ,0.0,,,1,1,2022-07-11 15:38:15,5,2022-07-11 15:38:15,
272,52056e62-01a6-11ed-8fdc-5254007123c1,Grinder Parts,0.0,,,1,1,2022-07-12 11:18:57,5,2022-07-12 21:49:44,5.0
273,5334fc7a-01a7-11ed-8fdc-5254007123c1,Air Compressor,0.0,,,1,1,2022-07-12 11:26:08,5,2022-07-12 11:26:08,
274,fe7d1957-01ab-11ed-8fdc-5254007123c1,Deep/Socket,0.0,,,1,1,2022-07-12 11:59:33,5,2022-07-12 11:59:33,
275,b952e373-01b6-11ed-8fdc-5254007123c1,Fan Item,0.0,,,1,1,2022-07-12 13:16:22,5,2024-05-05 18:28:50,5.0
276,51e62dd4-072d-11ed-8fdc-5254007123c1,Cup Brush,0.0,,,1,1,2022-07-19 12:07:54,5,2022-07-19 12:07:54,
277,4a90eb4d-2770-11ed-8fdc-5254007123c1,Bearings,0.0,,,1,1,2022-08-29 13:27:55,5,2022-08-29 13:27:55,
278,a9a50923-2e85-11ed-8fdc-5254007123c1,Berlux Paint,0.0,,,1,1,2022-09-07 13:48:32,5,2022-09-07 13:48:33,
279,1fd79ead-4172-11ed-8fdc-5254007123c1,S/S Pipe(Sudu Yakda Bata/Box bar),0.0,,,1,1,2022-10-01 15:46:33,5,2023-06-28 20:12:38,5.0
280,8f679ec6-4ba0-11ed-8ba4-5254007123c1,Silicon -NP,0.0,,,1,1,2022-10-14 14:44:09,5,2022-12-26 21:49:28,5.0
281,7d58fe5d-9e0c-11ed-8750-5254007123c1,Universal Paint,0.0,,,1,1,2023-01-27 12:03:19,5,2023-01-27 12:03:19,
282,72dd9348-a14b-11ed-8750-5254007123c1,Tester,0.0,,,1,1,2023-01-31 15:11:33,5,2023-01-31 15:11:34,
283,1b2d3d37-a158-11ed-8750-5254007123c1,Thread Seal,0.0,,,1,1,2023-01-31 16:42:10,5,2023-01-31 16:42:10,
284,eeea5303-add8-11ed-b23b-5254007123c1,Tile Cleaner,0.0,,,1,1,2023-02-16 14:34:35,5,2023-02-16 14:34:35,
285,1b27796d-bf0c-11ed-b23b-5254007123c1,Harris Paint Brush-JAT,0.0,,,1,1,2023-03-10 11:53:43,5,2023-04-23 21:20:39,5.0
286,6813acb3-ddb7-11ed-b23b-5254007123c1,Hot Water(Quiq Flor)Slon,0.0,,,1,1,2023-04-18 12:35:31,5,2023-04-18 12:35:31,
287,fd5fe25b-47e4-11ee-9a6d-5254007123c1,-,0.0,,,1,1,2023-08-31 15:28:52,5,2023-10-01 03:05:29,5.0
288,fe2c6f5d-74a7-11ee-b2c7-5254007123c1,Kansai Paint,1.0,,,1,1,2023-10-27 14:35:36,5,2023-10-27 14:35:36,
289,ebe1881b-808b-11ee-b2c7-5254007123c1,Hasky,0.0,,,1,1,2023-11-11 17:44:54,5,2023-11-11 17:44:54,
290,f3ad4092-8912-11ee-b2c7-5254007123c1,Hand spray parts,0.0,,,1,1,2023-11-22 14:11:38,5,2023-11-22 14:11:38,
291,c45688c7-89f9-11ee-b2c7-5254007123c1,Power Spray,0.0,,,1,1,2023-11-23 17:43:52,5,2023-11-23 17:43:52,
292,25a4adad-9649-11ee-b2c7-5254007123c1,Battrey,98.0,,,1,1,2023-12-09 09:42:20,5,2023-12-09 09:42:20,
293,3d60f6bc-b1f3-11ee-b2c7-5254007123c1,Carbon Tip,0.0,,,1,1,2024-01-13 14:37:55,5,2024-01-13 14:37:55,
294,59ce88d9-b782-11ee-b2c7-5254007123c1,Kansai,0.0,,,1,1,2024-01-20 16:24:57,5,2024-01-20 16:24:57,
295,df0ee360-b814-11ee-b2c7-5254007123c1,Water Tec,0.0,,,1,1,2024-01-21 09:53:47,5,2024-01-21 21:43:12,5.0
296,f4ac37ed-bab0-11ee-b2c7-5254007123c1,Compesor Item,0.0,,,1,1,2024-01-24 17:36:07,5,2024-01-24 17:36:07,
297,03b5ae8a-bab1-11ee-b2c7-5254007123c1,Grinder Parts,0.0,,,1,1,2024-01-24 17:36:32,5,2024-01-24 17:36:32,
298,243317dd-bab1-11ee-b2c7-5254007123c1,High Preser w/gun Item,0.0,,,1,1,2024-01-24 17:37:27,5,2024-01-24 17:37:27,
299,d3c7a319-bf3e-11ee-b2c7-5254007123c1,Clear tape,0.0,,,1,1,2024-01-30 12:41:45,5,2024-01-30 12:41:45,
300,46cf47ce-c0e6-11ee-b2c7-5254007123c1,metal filler,0.0,,,1,1,2024-02-01 15:12:55,5,2024-02-01 15:12:55,
301,009a557c-cf25-11ee-b2c7-5254007123c1,air pump,0.0,,,1,1,2024-02-19 18:17:12,5,2024-02-19 18:17:12,
302,8a6de4fb-cf25-11ee-b2c7-5254007123c1,Water Sprinler,0.0,,,1,1,2024-02-19 18:21:03,5,2024-02-19 18:21:03,
303,9f356024-dc78-11ee-b2c7-5254007123c1,Lug,0.0,,,1,1,2024-03-07 17:18:32,5,2024-03-07 17:18:32,
304,53dad612-ddf5-11ee-b2c7-5254007123c1,fumax,0.0,,,1,1,2024-03-09 14:43:43,5,2024-03-09 14:43:43,
305,1e18892a-deac-11ee-b2c7-5254007123c1,Jat Water Base,0.0,,,1,1,2024-03-10 12:32:11,5,2024-03-30 22:38:15,5.0
306,6052265c-ea63-11ee-be33-e67b749ae16a,1/2 Pvc Fittings Arpico,0.0,,,1,1,2024-03-25 10:21:43,5,2024-03-25 20:01:03,5.0
307,b220ee57-ea86-11ee-be33-e67b749ae16a,1/2 Pvc Fittings Slon,0.0,,,1,1,2024-03-25 14:34:33,5,2024-03-25 14:34:33,
308,1c62bd1b-eaa0-11ee-be33-e67b749ae16a,3/4 Fittengs Arpico,0.0,,,1,1,2024-03-25 17:36:28,5,2024-03-25 17:36:28,
309,a04062cc-eb1d-11ee-be33-e67b749ae16a,3/4 Fittengs Slon,0.0,,,1,1,2024-03-26 08:34:57,5,2024-03-26 08:34:57,
310,d599973f-eb27-11ee-be33-e67b749ae16a,1 Pvc Fittings Arpico,0.0,,,1,1,2024-03-26 09:48:01,5,2024-03-26 09:48:01,
311,df18fb78-eb27-11ee-be33-e67b749ae16a,1 Pvc Fittings Slon,0.0,,,1,1,2024-03-26 09:48:17,5,2024-03-26 09:48:17,
312,a4843fce-eb37-11ee-be33-e67b749ae16a,Pvc & Gi Clip,0.0,,,1,1,2024-03-26 11:41:11,5,2024-03-26 11:41:11,
313,7d114dad-eb3e-11ee-be33-e67b749ae16a,1 1/4 Pvc Fittings Arpico,0.0,,,1,1,2024-03-26 12:30:11,5,2024-03-26 12:30:11,
314,8aa9be4b-eb3e-11ee-be33-e67b749ae16a,1 1/4 Pvc Fittings Slon,0.0,,,1,1,2024-03-26 12:30:34,5,2024-03-26 12:30:34,
315,08b8369b-eb4d-11ee-be33-e67b749ae16a,1 1/2 Fittings Arpico,0.0,,,1,1,2024-03-26 14:14:18,5,2024-03-26 14:14:18,
316,7cedad07-eb4d-11ee-be33-e67b749ae16a,1 1/2 Fittings Slon ,0.0,,,1,1,2024-03-26 14:17:33,5,2024-03-26 14:17:33,
317,f5dfe415-eb67-11ee-be33-e67b749ae16a,2'' Pvc Fittings Arpico,0.0,,,1,1,2024-03-26 17:27:03,5,2024-03-26 17:27:03,
318,03ea3de5-eb68-11ee-be33-e67b749ae16a,2'' Pvc Fittings Slon,0.0,,,1,1,2024-03-26 17:27:26,5,2024-03-26 22:57:52,5.0
319,8b1484ab-ecbf-11ee-be33-e67b749ae16a,Tee Hinges,0.0,,,1,1,2024-03-28 10:26:31,5,2024-03-28 10:26:31,
320,ca63878e-f01c-11ee-be33-e67b749ae16a,Sun Cables,0.0,,,1,1,2024-04-01 17:11:34,5,2024-04-01 17:11:34,
321,f70156a9-f4ad-11ee-be33-e67b749ae16a,Kelani,0.0,,,1,1,2024-04-07 12:40:50,5,2024-04-07 12:40:50,
322,3ad1f7d3-0121-11ef-be33-e67b749ae16a,Wiremen,0.0,,,1,1,2024-04-23 08:56:10,5,2024-04-23 08:56:10,
323,032cde69-05d8-11ef-be33-e67b749ae16a,Ey 20,0.0,,,1,1,2024-04-29 08:54:39,5,2024-04-29 08:54:39,
324,d89a81fd-05f7-11ef-be33-e67b749ae16a,SR Cables,0.0,,,1,1,2024-04-29 12:42:32,5,2024-04-29 12:42:32,
325,2872c102-092c-11ef-be33-e67b749ae16a,maltibond,0.0,,,1,1,2024-05-03 14:34:33,5,2024-05-03 14:34:33,
326,31537c69-0ab4-11ef-be33-e67b749ae16a,Kattle,0.0,,,1,1,2024-05-05 13:20:50,5,2024-05-05 19:10:28,5.0
327,e4cca098-0ab6-11ef-be33-e67b749ae16a,Blender,0.0,,,1,1,2024-05-05 13:40:11,5,2024-05-05 13:40:11,
328,9774d9d5-1378-11ef-be33-e67b749ae16a,Base Cup,0.0,,,1,1,2024-05-16 17:06:52,5,2024-05-16 17:06:52,
329,ace2d99c-1379-11ef-be33-e67b749ae16a,Top Ball,0.0,,,1,1,2024-05-16 17:14:38,5,2024-05-16 17:14:38,
330,1fae2a9e-1511-11ef-be33-e67b749ae16a,Commed Item,0.0,,,1,1,2024-05-18 17:51:16,5,2024-05-18 17:51:16,
331,58b930e1-2183-11ef-93c3-e67b749ae16a,Gate Amano,0.0,,,1,1,2024-06-03 13:59:08,5,2024-06-03 13:59:08,
332,5084258d-351f-11ef-b06f-e67b749ae16a,Double Side Tape,0.0,,,1,1,2024-06-28 12:53:28,5,2024-06-28 12:53:28,
333,7208bf55-472f-11ef-b06f-e67b749ae16a,Gi Bolt,0.0,,,1,1,2024-07-21 12:34:17,5,2024-07-21 12:34:17,
334,0e2fd646-6c2c-11ef-b06f-e67b749ae16a,lakshapana,0.0,,,1,1,2024-09-06 14:13:14,5,2024-09-06 14:13:14,
335,6f82fca6-70ec-11ef-b06f-e67b749ae16a,Dulax Paint,0.0,,,1,1,2024-09-12 15:20:25,5,2024-09-12 15:20:25,
336,027a68df-7d66-11ef-b06f-e67b749ae16a,Chint Electic,0.0,,,1,1,2024-09-28 12:20:55,5,2024-09-28 12:20:55,
337,750273b4-8246-11ef-b06f-e67b749ae16a,Aluminium,0.0,,,1,1,2024-10-04 17:17:39,5,2024-10-04 17:17:39,
338,c3acb20c-83c5-11ef-b06f-e67b749ae16a,dong chang,0.0,,,1,1,2024-10-06 15:01:28,5,2024-10-06 15:01:28,
339,6cb0dda7-983d-11ef-b06f-e67b749ae16a,KOBE bulb,144.0,,,1,1,2024-11-01 16:08:25,5,2024-11-01 16:08:25,
340,3440af19-9841-11ef-b06f-e67b749ae16a,Hugo,0.0,Bestech Machines,,1,1,2024-11-01 16:35:28,5,2024-11-01 16:35:28,
341,72015690-990f-11ef-b06f-e67b749ae16a,WURTH ,0.0,,,1,1,2024-11-02 17:11:48,5,2024-11-02 17:11:48,
342,80cb2c40-9da2-11ef-b06f-e67b749ae16a,Chest,0.0,,,1,1,2024-11-08 12:54:34,5,2024-11-08 12:54:34,
343,08dc9d28-9da3-11ef-b06f-e67b749ae16a,Wireman,0.0,,,1,1,2024-11-08 12:58:22,5,2024-11-08 12:58:22,
344,adf1743f-9e53-11ef-b06f-e67b749ae16a,Cilling Item,0.0,,,1,1,2024-11-09 10:02:50,5,2024-11-09 10:02:50,
345,b9876ad0-9ffc-11ef-b06f-e67b749ae16a,4 Pole,0.0,,,1,1,2024-11-11 12:45:26,5,2024-11-11 12:45:26,
346,f98c6f4b-9ffc-11ef-b06f-e67b749ae16a,4 Pole,0.0,,,1,1,2024-11-11 12:47:13,5,2024-11-11 12:47:13,
347,51582228-a4cf-11ef-b06f-e67b749ae16a,Kevin Priyantha,0.0,,,1,1,2024-11-17 16:03:00,5,2024-11-17 16:03:00,
348,183636bf-c1f3-11ef-893d-e67b749ae16a,ali Weta Item,0.0,,,1,1,2024-12-24 18:02:09,5,2024-12-24 18:02:09,
349,204ed7a3-d304-11ef-893d-e67b749ae16a,Max Bit ,0.0,,,1,1,2025-01-15 11:16:54,5,2025-01-15 11:16:54,
350,2c233365-d304-11ef-893d-e67b749ae16a,Hilti Bit,0.0,,,1,1,2025-01-15 11:17:14,5,2025-01-15 11:17:14,
351,24bb68de-e052-11ef-893d-e67b749ae16a,Causeway ,0.0,,,1,1,2025-02-01 09:38:07,5,2025-02-01 09:38:07,
