image_id,url,name,type,status,created_at
1,http://xposapi.infortronix.com/uploads/xposcnbtools/products/0e23ecbb993407958575a6506308624516271074341198230582.jpg,0e23ecbb993407958575a6506308624516271074341198230582.jpg,image/jpeg,1,2021-07-24 11:47:14
2,http://xposapi.infortronix.com/uploads/xposcnbtools/products/7814ebdc0c83a392ff6b2f3a5ad68f7c1627107720966669447.jpg,7814ebdc0c83a392ff6b2f3a5ad68f7c1627107720966669447.jpg,image/jpeg,1,2021-07-24 11:52:00
3,http://xposapi.infortronix.com/uploads/xposcnbtools/products/fbdfc248aef16d7dc93ed266989b76971627107904485188514.jpg,fbdfc248aef16d7dc93ed266989b76971627107904485188514.jpg,image/jpeg,1,2021-07-24 11:55:04
4,http://xposapi.infortronix.com/uploads/xposcnbtools/products/d4a04c2546221798f4d6557308405c131627107937907756992.jpg,d4a04c2546221798f4d6557308405c131627107937907756992.jpg,image/jpeg,1,2021-07-24 11:55:37
5,http://xposapi.infortronix.com/uploads/xposcnbtools/products/b21dc70609f31e9831840ebfe9088ff816271079561859764437.jpg,b21dc70609f31e9831840ebfe9088ff816271079561859764437.jpg,image/jpeg,1,2021-07-24 11:55:56
6,http://xposapi.infortronix.com/uploads/xposcnbtools/products/72f8790c849cc82e9c2526f5c8e330d216271079811831844629.jpg,72f8790c849cc82e9c2526f5c8e330d216271079811831844629.jpg,image/jpeg,1,2021-07-24 11:56:21
7,http://xposapi.infortronix.com/uploads/xposcnbtools/products/eb7203b6e58719d8dfa4ad7be446bdf11627107998253539594.jpg,eb7203b6e58719d8dfa4ad7be446bdf11627107998253539594.jpg,image/jpeg,1,2021-07-24 11:56:38
8,http://xposapi.infortronix.com/uploads/xposcnbtools/products/0b2580a01d528d66126dbab6e3c2a28f16271081051047176417.jpg,0b2580a01d528d66126dbab6e3c2a28f16271081051047176417.jpg,image/jpeg,1,2021-07-24 11:58:25
9,http://xposapi.infortronix.com/uploads/xposcnbtools/products/49ea2c7ec53155bcb22e3aa7015c0c1f16271081321694073690.jpg,49ea2c7ec53155bcb22e3aa7015c0c1f16271081321694073690.jpg,image/jpeg,1,2021-07-24 11:58:52
10,http://xposapi.infortronix.com/uploads/xposcnbtools/products/5b7c69c6adf2b7c175c14217c7371a311627108154772086119.jpg,5b7c69c6adf2b7c175c14217c7371a311627108154772086119.jpg,image/jpeg,1,2021-07-24 11:59:14
11,http://xposapi.infortronix.com/uploads/xposcnbtools/products/e972676b3fc1a9540e7d7f6da66b6a5f1627108186903276494.jpg,e972676b3fc1a9540e7d7f6da66b6a5f1627108186903276494.jpg,image/jpeg,1,2021-07-24 11:59:46
12,http://xposapi.infortronix.com/uploads/xposcnbtools/products/14017c100bada2ec404029333de1c45716271081971179030109.jpg,14017c100bada2ec404029333de1c45716271081971179030109.jpg,image/jpeg,1,2021-07-24 11:59:57
13,http://xposapi.infortronix.com/uploads/xposcnbtools/products/97bf599da5e5f59a56d6112b8b8807a11627108206680248265.jpg,97bf599da5e5f59a56d6112b8b8807a11627108206680248265.jpg,image/jpeg,1,2021-07-24 12:00:06
14,http://xposapi.infortronix.com/uploads/xposcnbtools/products/3e8854b4721f03696f3519fc8fdebd7e16271082171981293190.jpg,3e8854b4721f03696f3519fc8fdebd7e16271082171981293190.jpg,image/jpeg,1,2021-07-24 12:00:17
15,http://xposapi.infortronix.com/uploads/xposcnbtools/products/30b75759f18b2ee565aa7eae7db6e60d16271085671329717137.jpg,30b75759f18b2ee565aa7eae7db6e60d16271085671329717137.jpg,image/jpeg,1,2021-07-24 12:06:07
16,http://xposapi.infortronix.com/uploads/xposcnbtools/products/345a7c8d36eb678b1475d4e4855f32e616271085972094221113.jpg,345a7c8d36eb678b1475d4e4855f32e616271085972094221113.jpg,image/jpeg,1,2021-07-24 12:06:37
17,http://xposapi.infortronix.com/uploads/xposcnbtools/products/ff8bce6b0ff6f045c2dd957900cfb5591627108636852031341.jpg,ff8bce6b0ff6f045c2dd957900cfb5591627108636852031341.jpg,image/jpeg,1,2021-07-24 12:07:16
18,http://xposapi.infortronix.com/uploads/xposcnbtools/products/794b8d2ddd2b6f41a5436ed1a0e418f91627979239426190801.jpg,794b8d2ddd2b6f41a5436ed1a0e418f91627979239426190801.jpg,image/jpeg,1,2021-08-03 13:57:19
19,http://xposapi.infortronix.com/uploads/xposcnbtools/products/0ab9588cb346788ebcbfa9cdb7df676616279844151068682561.jpg,0ab9588cb346788ebcbfa9cdb7df676616279844151068682561.jpg,image/jpeg,1,2021-08-03 15:23:35
20,https://xposapi.infortronix.com/uploads/xposcnbtools/products/94660b2a06c87aa6bcb18428114f44d11648119447199021896.jpg,94660b2a06c87aa6bcb18428114f44d11648119447199021896.jpg,image/jpeg,1,2022-03-24 16:27:27
21,https://xposapi.infortronix.com/uploads/xposcnbtools/products/10abb6062256d0ec2de6db4126ce36f21648450843173121735.jpg,10abb6062256d0ec2de6db4126ce36f21648450843173121735.jpg,image/jpeg,1,2022-03-28 12:30:43
22,https://xposapi.infortronix.com/uploads/xposcnbtools/products/29d8c8c5d98cb63e9eff20660c14308e1649249626367892860.jpg,29d8c8c5d98cb63e9eff20660c14308e1649249626367892860.jpg,image/jpeg,1,2022-04-06 18:23:46
23,https://xposapi.infortronix.com/uploads/xposcnbtools/products/241e0ec046028de0a828976039a5163916492500101494098019.jpg,241e0ec046028de0a828976039a5163916492500101494098019.jpg,image/jpeg,1,2022-04-06 18:30:10
24,https://xposapi.infortronix.com/uploads/xposcnbtools/products/33dc1e317bb69e104fa16871e89b574f1649250029970708732.jpg,33dc1e317bb69e104fa16871e89b574f1649250029970708732.jpg,image/jpeg,1,2022-04-06 18:30:29
25,https://xposapi.infortronix.com/uploads/xposcnbtools/products/38126d7834381836f70fb39915c768d91649250147255229378.jpg,38126d7834381836f70fb39915c768d91649250147255229378.jpg,image/jpeg,1,2022-04-06 18:32:27
26,https://xposapi.infortronix.com/uploads/xposcnbtools/products/e852fd5cbbdb2f5eb7cea6e4c54fe38716492501491156603597.jpg,e852fd5cbbdb2f5eb7cea6e4c54fe38716492501491156603597.jpg,image/jpeg,1,2022-04-06 18:32:29
27,https://xposapi.infortronix.com/uploads/xposcnbtools/products/fd52b18ccdc88a1ecc3451dfbd9686df1649250149106894182.jpg,fd52b18ccdc88a1ecc3451dfbd9686df1649250149106894182.jpg,image/jpeg,1,2022-04-06 18:32:29
28,https://xposapi.infortronix.com/uploads/xposcnbtools/products/0d2469111a078460eb24b89d2c9eaa6716492501861762269250.jpg,0d2469111a078460eb24b89d2c9eaa6716492501861762269250.jpg,image/jpeg,1,2022-04-06 18:33:06
29,https://xposapi.infortronix.com/uploads/xposcnbtools/products/6d3c8efb956feb5d4146cbfd517185fe1653367576350588098.jpg,6d3c8efb956feb5d4146cbfd517185fe1653367576350588098.jpg,image/jpeg,1,2022-05-24 10:16:16
30,https://xposapi.infortronix.com/uploads/xposcnbtools/products/173f0c79e6523a3ca6090a05f407c0d616547605032009082182.png,173f0c79e6523a3ca6090a05f407c0d616547605032009082182.png,image/png,1,2022-06-09 13:11:43
31,https://xposapi.infortronix.com/uploads/xposcnbtools/products/37defe0f56a53a534b6a9d8a4197c6e51654760738976985056.jpg,37defe0f56a53a534b6a9d8a4197c6e51654760738976985056.jpg,image/jpeg,1,2022-06-09 13:15:38
32,https://xposapi.infortronix.com/uploads/xposcnbtools/products/97b28f411749a5ba16898a64f35734561654760756463146252.jpg,97b28f411749a5ba16898a64f35734561654760756463146252.jpg,image/jpeg,1,2022-06-09 13:15:56
33,https://xposapi.infortronix.com/uploads/xposcnbtools/products/492f420d5c92f89f9596fe8757a94b4816547607701977070349.png,492f420d5c92f89f9596fe8757a94b4816547607701977070349.png,image/png,1,2022-06-09 13:16:10
34,https://xposapi.infortronix.com/uploads/xposcnbtools/products/715d9225c7f5f48fc0a9fa23722a50931654760979908895235.png,715d9225c7f5f48fc0a9fa23722a50931654760979908895235.png,image/png,1,2022-06-09 13:19:39
35,https://xposapi.infortronix.com/uploads/xposcnbtools/products/6c249ffee5af66b00cef964ede28c97716547610531654805565.png,6c249ffee5af66b00cef964ede28c97716547610531654805565.png,image/png,1,2022-06-09 13:20:53
36,https://xposapi.infortronix.com/uploads/xposcnbtools/products/8cbed3a55d7d866c3cbbe933ba6c3e6416547613971744742240.png,8cbed3a55d7d866c3cbbe933ba6c3e6416547613971744742240.png,image/png,1,2022-06-09 13:26:37
37,https://xposapi.infortronix.com/uploads/xposcnbtools/products/3af48cc2ba41eb8e0b5ec62d592f1bba1654761592549360338.jpg,3af48cc2ba41eb8e0b5ec62d592f1bba1654761592549360338.jpg,image/jpeg,1,2022-06-09 13:29:52
38,https://xposapi.infortronix.com/uploads/xposcnbtools/products/a27eaa26f68db8c183086f08f0b8fcb816547617091425916660.jpg,a27eaa26f68db8c183086f08f0b8fcb816547617091425916660.jpg,image/jpeg,1,2022-06-09 13:31:49
39,https://xposapi.infortronix.com/uploads/xposcnbtools/products/8f70ec1c56e7ba82678e6c7b63867a4616547618071603198981.jpg,8f70ec1c56e7ba82678e6c7b63867a4616547618071603198981.jpg,image/jpeg,1,2022-06-09 13:33:27
40,https://xposapi.infortronix.com/uploads/xposcnbtools/products/0cd59e6c5c4af7d58a5f6dda3d23b8e01654761835679613263.jpg,0cd59e6c5c4af7d58a5f6dda3d23b8e01654761835679613263.jpg,image/jpeg,1,2022-06-09 13:33:55
41,https://xposapi.infortronix.com/uploads/xposcnbtools/products/7a773b459d55509d23e7bd663d6c53a61654761964792772090.jpg,7a773b459d55509d23e7bd663d6c53a61654761964792772090.jpg,image/jpeg,1,2022-06-09 13:36:04
42,https://xposapi.infortronix.com/uploads/xposcnbtools/products/bdaeabaa82d66d6f2feb60a792a8baf71654761994755376794.png,bdaeabaa82d66d6f2feb60a792a8baf71654761994755376794.png,image/png,1,2022-06-09 13:36:34
43,https://xposapi.infortronix.com/uploads/xposcnbtools/products/7f844b0a768616361eb03754ff57d67116547620232021100955.png,7f844b0a768616361eb03754ff57d67116547620232021100955.png,image/png,1,2022-06-09 13:37:03
44,https://xposapi.infortronix.com/uploads/xposcnbtools/products/7eb53e9e3aad4f93a636c08b91493e8416547621341195997787.jpg,7eb53e9e3aad4f93a636c08b91493e8416547621341195997787.jpg,image/jpeg,1,2022-06-09 13:38:54
45,https://xposapi.infortronix.com/uploads/xposcnbtools/products/05addc019a6c752aa5bdd2e09ac1de7316547621711314391255.jpg,05addc019a6c752aa5bdd2e09ac1de7316547621711314391255.jpg,image/jpeg,1,2022-06-09 13:39:31
46,https://xposapi.infortronix.com/uploads/xposcnbtools/products/eab7fe9937b330af35f56ab127b3520f16547621911144638921.jpg,eab7fe9937b330af35f56ab127b3520f16547621911144638921.jpg,image/jpeg,1,2022-06-09 13:39:51
47,https://xposapi.infortronix.com/uploads/xposcnbtools/products/bf357c4497f9eacb68dbd5ccfead40d016547621981128260354.png,bf357c4497f9eacb68dbd5ccfead40d016547621981128260354.png,image/png,1,2022-06-09 13:39:58
48,https://xposapi.infortronix.com/uploads/xposcnbtools/products/c584a84ca4078eb397ba98b4f3609ac916547622321636637122.png,c584a84ca4078eb397ba98b4f3609ac916547622321636637122.png,image/png,1,2022-06-09 13:40:32
49,https://xposapi.infortronix.com/uploads/xposcnbtools/products/2f06521471c2ffe7bcbe54ee63ffe5a316547623821514667817.jpg,2f06521471c2ffe7bcbe54ee63ffe5a316547623821514667817.jpg,image/jpeg,1,2022-06-09 13:43:02
50,https://xposapi.infortronix.com/uploads/xposcnbtools/products/d0fed4b4d5057215391a8b7c5b83836516547625751798937669.png,d0fed4b4d5057215391a8b7c5b83836516547625751798937669.png,image/png,1,2022-06-09 13:46:15
51,https://xposapi.infortronix.com/uploads/xposcnbtools/products/ef60c33bc4ddf736ce2621b8f17d273616547627911601461855.png,ef60c33bc4ddf736ce2621b8f17d273616547627911601461855.png,image/png,1,2022-06-09 13:49:51
52,https://xposapi.infortronix.com/uploads/xposcnbtools/products/70de78c7b7d759e1e277da1b9ff0fdb81654764403510090975.jpg,70de78c7b7d759e1e277da1b9ff0fdb81654764403510090975.jpg,image/jpeg,1,2022-06-09 14:16:43
53,https://xposapi.infortronix.com/uploads/xposcnbtools/products/2668186a757142500f6927cac8ee8a0816547644532124477437.jpg,2668186a757142500f6927cac8ee8a0816547644532124477437.jpg,image/jpeg,1,2022-06-09 14:17:33
54,https://xposapi.infortronix.com/uploads/xposcnbtools/products/1c2fcb383c211e0b6119a7ceecaff38d16547644781788233072.jpg,1c2fcb383c211e0b6119a7ceecaff38d16547644781788233072.jpg,image/jpeg,1,2022-06-09 14:17:58
55,https://xposapi.infortronix.com/uploads/xposcnbtools/products/a9983493b6d1c02baf7601e496e6d7651654764498949080307.jpg,a9983493b6d1c02baf7601e496e6d7651654764498949080307.jpg,image/jpeg,1,2022-06-09 14:18:18
56,https://xposapi.infortronix.com/uploads/xposcnbtools/products/7e8009bbe531a2f4412d9fcc98ba10ef16547645871223579725.jpg,7e8009bbe531a2f4412d9fcc98ba10ef16547645871223579725.jpg,image/jpeg,1,2022-06-09 14:19:47
57,https://xposapi.infortronix.com/uploads/xposcnbtools/products/8139de194d4d26bc9856604fb09f7ee716547646271093354166.jpg,8139de194d4d26bc9856604fb09f7ee716547646271093354166.jpg,image/jpeg,1,2022-06-09 14:20:27
58,https://xposapi.infortronix.com/uploads/xposcnbtools/products/45755574d9c51ce443d5fef5755cf15216547657252139637824.jpg,45755574d9c51ce443d5fef5755cf15216547657252139637824.jpg,image/jpeg,1,2022-06-09 14:38:45
59,https://xposapi.infortronix.com/uploads/xposcnbtools/products/b96bff85bcf131b40886158869765e7b165476580474907459.jpg,b96bff85bcf131b40886158869765e7b165476580474907459.jpg,image/jpeg,1,2022-06-09 14:40:04
60,https://xposapi.infortronix.com/uploads/xposcnbtools/products/815daade37896456756972a6bd331d631654765835958856100.jpg,815daade37896456756972a6bd331d631654765835958856100.jpg,image/jpeg,1,2022-06-09 14:40:35
61,https://xposapi.infortronix.com/uploads/xposcnbtools/products/698e97d0e664816b1dbed40fae55708216547658751129821333.jpg,698e97d0e664816b1dbed40fae55708216547658751129821333.jpg,image/jpeg,1,2022-06-09 14:41:15
62,https://xposapi.infortronix.com/uploads/xposcnbtools/products/628d48ab06956f8895e2ac63a7292bb71654766020306049501.jpg,628d48ab06956f8895e2ac63a7292bb71654766020306049501.jpg,image/jpeg,1,2022-06-09 14:43:40
63,https://xposapi.infortronix.com/uploads/xposcnbtools/products/174cd47e638351b609ffd70899b7ff4d16547668151863854279.jpg,174cd47e638351b609ffd70899b7ff4d16547668151863854279.jpg,image/jpeg,1,2022-06-09 14:56:55
64,https://xposapi.infortronix.com/uploads/xposcnbtools/products/b78f5d620d586da7cb8c6326b18726fb1654767076153460539.jpg,b78f5d620d586da7cb8c6326b18726fb1654767076153460539.jpg,image/jpeg,1,2022-06-09 15:01:16
65,https://xposapi.infortronix.com/uploads/xposcnbtools/products/51602921b446d046da81070468c5b8eb1654767108183863535.jpg,51602921b446d046da81070468c5b8eb1654767108183863535.jpg,image/jpeg,1,2022-06-09 15:01:48
66,https://xposapi.infortronix.com/uploads/xposcnbtools/products/0d289f1c3698140ae937060b34d26c3e1654767160301407316.jpg,0d289f1c3698140ae937060b34d26c3e1654767160301407316.jpg,image/jpeg,1,2022-06-09 15:02:40
67,https://xposapi.infortronix.com/uploads/xposcnbtools/products/034537684aeb1dcebcecac2f9741f03116547671921258117595.jpg,034537684aeb1dcebcecac2f9741f03116547671921258117595.jpg,image/jpeg,1,2022-06-09 15:03:12
68,https://xposapi.infortronix.com/uploads/xposcnbtools/products/408ebb647e173f5d6fcc4875f3faf6c11654767276723468555.jpg,408ebb647e173f5d6fcc4875f3faf6c11654767276723468555.jpg,image/jpeg,1,2022-06-09 15:04:36
69,https://xposapi.infortronix.com/uploads/xposcnbtools/products/1be74575d8f1db0ce7e93ba3f0a89f401654767309796741547.jpg,1be74575d8f1db0ce7e93ba3f0a89f401654767309796741547.jpg,image/jpeg,1,2022-06-09 15:05:09
70,https://xposapi.infortronix.com/uploads/xposcnbtools/products/ebc250e678f25a8e1078591bdea0c6e316547673391280760758.jpeg,ebc250e678f25a8e1078591bdea0c6e316547673391280760758.jpeg,image/jpeg,1,2022-06-09 15:05:39
71,https://xposapi.infortronix.com/uploads/xposcnbtools/products/8dff713edeebd762f205cef3914fdf7d1654767391772283820.jpg,8dff713edeebd762f205cef3914fdf7d1654767391772283820.jpg,image/jpeg,1,2022-06-09 15:06:31
72,https://xposapi.infortronix.com/uploads/xposcnbtools/products/122d6df5ebc9fe7d6029f0ca76f20faf1654767407170547546.jpg,122d6df5ebc9fe7d6029f0ca76f20faf1654767407170547546.jpg,image/jpeg,1,2022-06-09 15:06:47
73,https://xposapi.infortronix.com/uploads/xposcnbtools/products/8df3870f6ec3371ba6248b91eb4bf00f1654767451421220975.jpg,8df3870f6ec3371ba6248b91eb4bf00f1654767451421220975.jpg,image/jpeg,1,2022-06-09 15:07:31
74,https://xposapi.infortronix.com/uploads/xposcnbtools/products/26057a3abcba0b6b23ad434c6678922d1654767533611995272.jpg,26057a3abcba0b6b23ad434c6678922d1654767533611995272.jpg,image/jpeg,1,2022-06-09 15:08:53
75,https://xposapi.infortronix.com/uploads/xposcnbtools/products/8ce5a6315d714febf44b0528190d806a16547676861506058749.jpg,8ce5a6315d714febf44b0528190d806a16547676861506058749.jpg,image/jpeg,1,2022-06-09 15:11:26
76,https://xposapi.infortronix.com/uploads/xposcnbtools/products/f1b20412a69f70b181256b0b91d097311654767728533446750.jpg,f1b20412a69f70b181256b0b91d097311654767728533446750.jpg,image/jpeg,1,2022-06-09 15:12:08
77,https://xposapi.infortronix.com/uploads/xposcnbtools/products/ebe2848e13c91417417667fba4b8a9e71654767775407402032.jpg,ebe2848e13c91417417667fba4b8a9e71654767775407402032.jpg,image/jpeg,1,2022-06-09 15:12:55
78,https://xposapi.infortronix.com/uploads/xposcnbtools/products/189ba632aa5aa31d606ff43c3eb234cc1654767810741631669.jpg,189ba632aa5aa31d606ff43c3eb234cc1654767810741631669.jpg,image/jpeg,1,2022-06-09 15:13:30
79,https://xposapi.infortronix.com/uploads/xposcnbtools/products/2cca12623bc451e5c7e541c9574bc01f1654767842419195718.jpg,2cca12623bc451e5c7e541c9574bc01f1654767842419195718.jpg,image/jpeg,1,2022-06-09 15:14:02
80,https://xposapi.infortronix.com/uploads/xposcnbtools/products/bdfe668079e262a67778c03f955c4dfd1654767946903368585.jpg,bdfe668079e262a67778c03f955c4dfd1654767946903368585.jpg,image/jpeg,1,2022-06-09 15:15:46
81,https://xposapi.infortronix.com/uploads/xposcnbtools/products/77fdf5c0f74375ae989662fda38bc7bf16547680301575514774.jpg,77fdf5c0f74375ae989662fda38bc7bf16547680301575514774.jpg,image/jpeg,1,2022-06-09 15:17:10
82,https://xposapi.infortronix.com/uploads/xposcnbtools/products/4a43c7d10341fe355aa91cd51f258b6e1654768139514042068.jpg,4a43c7d10341fe355aa91cd51f258b6e1654768139514042068.jpg,image/jpeg,1,2022-06-09 15:18:59
83,https://xposapi.infortronix.com/uploads/xposcnbtools/products/ea81bbbb3c0c27632785a5df4e42a8291654768423242325226.jpg,ea81bbbb3c0c27632785a5df4e42a8291654768423242325226.jpg,image/jpeg,1,2022-06-09 15:23:43
84,https://xposapi.infortronix.com/uploads/xposcnbtools/products/8c5a50e570a66775032df187b399dbb316547696192126509719.jpg,8c5a50e570a66775032df187b399dbb316547696192126509719.jpg,image/jpeg,1,2022-06-09 15:43:39
85,https://xposapi.infortronix.com/uploads/xposcnbtools/products/e50639f9c51e09b060d0a1fc8a0617551654769706701441739.jpg,e50639f9c51e09b060d0a1fc8a0617551654769706701441739.jpg,image/jpeg,1,2022-06-09 15:45:06
86,https://xposapi.infortronix.com/uploads/xposcnbtools/products/e7bbc50b33e6b0cb9b9340c456411a6416547697701074598954.png,e7bbc50b33e6b0cb9b9340c456411a6416547697701074598954.png,image/png,1,2022-06-09 15:46:10
87,https://xposapi.infortronix.com/uploads/xposcnbtools/products/e70c9a38dbfe29ee91cd87b3627a019416547699241005235391.jpeg,e70c9a38dbfe29ee91cd87b3627a019416547699241005235391.jpeg,image/jpeg,1,2022-06-09 15:48:44
88,https://xposapi.infortronix.com/uploads/xposcnbtools/products/ac6040dac3a19389910b311000bf9b1e16547699851280546969.jpg,ac6040dac3a19389910b311000bf9b1e16547699851280546969.jpg,image/jpeg,1,2022-06-09 15:49:45
89,https://xposapi.infortronix.com/uploads/xposcnbtools/products/78f37c3bc0b759dccb2608721f7f52e71654770021674301284.jpg,78f37c3bc0b759dccb2608721f7f52e71654770021674301284.jpg,image/jpeg,1,2022-06-09 15:50:21
90,https://xposapi.infortronix.com/uploads/xposcnbtools/products/e3b4713b4f99d827738c6088ad358a5e16547700821061013995.webp,e3b4713b4f99d827738c6088ad358a5e16547700821061013995.webp,image/webp,1,2022-06-09 15:51:22
91,https://xposapi.infortronix.com/uploads/xposcnbtools/products/91c59f4030cf951770c1d42c670784c61654770120827515609.jpg,91c59f4030cf951770c1d42c670784c61654770120827515609.jpg,image/jpeg,1,2022-06-09 15:52:00
92,https://xposapi.infortronix.com/uploads/xposcnbtools/products/0fd28c15160282f9b640b72cb5b67cb616547701742131180180.jpg,0fd28c15160282f9b640b72cb5b67cb616547701742131180180.jpg,image/jpeg,1,2022-06-09 15:52:54
93,https://xposapi.infortronix.com/uploads/xposcnbtools/products/74d453d07e5b223d9ebca129dbbadb731654770209106041714.jpg,74d453d07e5b223d9ebca129dbbadb731654770209106041714.jpg,image/jpeg,1,2022-06-09 15:53:29
94,https://xposapi.infortronix.com/uploads/xposcnbtools/products/fd9fcae6c6db907d47c068ce938f14c21654770276504438810.jpg,fd9fcae6c6db907d47c068ce938f14c21654770276504438810.jpg,image/jpeg,1,2022-06-09 15:54:36
95,https://xposapi.infortronix.com/uploads/xposcnbtools/products/2d360980bac950f46500611c348f986716547706311989168678.jpg,2d360980bac950f46500611c348f986716547706311989168678.jpg,image/jpeg,1,2022-06-09 16:00:31
96,https://xposapi.infortronix.com/uploads/xposcnbtools/products/5ac56b7bf85c0f0b4b000e7635a4a06d1654770727401150343.jpg,5ac56b7bf85c0f0b4b000e7635a4a06d1654770727401150343.jpg,image/jpeg,1,2022-06-09 16:02:07
97,https://xposapi.infortronix.com/uploads/xposcnbtools/products/890603835685a17c3cd33becbd62feba1654771712291628453.jpg,890603835685a17c3cd33becbd62feba1654771712291628453.jpg,image/jpeg,1,2022-06-09 16:18:32
98,https://xposapi.infortronix.com/uploads/xposcnbtools/products/ea2dda5dda4080538b8b2265196b3c1016547728721808478421.jpg,ea2dda5dda4080538b8b2265196b3c1016547728721808478421.jpg,image/jpeg,1,2022-06-09 16:37:52
99,https://xposapi.infortronix.com/uploads/xposcnbtools/products/5c954480195125166413d14634e8d80416547729501077905390.jpg,5c954480195125166413d14634e8d80416547729501077905390.jpg,image/jpeg,1,2022-06-09 16:39:10
100,https://xposapi.infortronix.com/uploads/xposcnbtools/products/f4a65f1ff228fcdb16867f93031822ad1654772963784636237.jpg,f4a65f1ff228fcdb16867f93031822ad1654772963784636237.jpg,image/jpeg,1,2022-06-09 16:39:23
101,https://xposapi.infortronix.com/uploads/xposcnbtools/products/1d2bbaba8e4ff8c41a2f0db41528a66a16547729771356091280.jpg,1d2bbaba8e4ff8c41a2f0db41528a66a16547729771356091280.jpg,image/jpeg,1,2022-06-09 16:39:37
102,https://xposapi.infortronix.com/uploads/xposcnbtools/products/1079f76aff7b4978eb5f378eee8a0fff1654773286456036676.jpg,1079f76aff7b4978eb5f378eee8a0fff1654773286456036676.jpg,image/jpeg,1,2022-06-09 16:44:46
103,https://xposapi.infortronix.com/uploads/xposcnbtools/products/0f5c0259da9a849c675a5d98156f68ca16547733431844587800.jpg,0f5c0259da9a849c675a5d98156f68ca16547733431844587800.jpg,image/jpeg,1,2022-06-09 16:45:43
104,https://xposapi.infortronix.com/uploads/xposcnbtools/products/5b5e6630ada9a5a3cf42d43fc7d4f52816547733601275144340.jpg,5b5e6630ada9a5a3cf42d43fc7d4f52816547733601275144340.jpg,image/jpeg,1,2022-06-09 16:46:00
105,https://xposapi.infortronix.com/uploads/xposcnbtools/products/e98ade0bf1bd9e89c379d2d5f4730e31165477337647519930.jpg,e98ade0bf1bd9e89c379d2d5f4730e31165477337647519930.jpg,image/jpeg,1,2022-06-09 16:46:16
106,https://xposapi.infortronix.com/uploads/xposcnbtools/products/ccec7e9f0a3a01d1ea66d6d97994ced21654773398419668610.jpg,ccec7e9f0a3a01d1ea66d6d97994ced21654773398419668610.jpg,image/jpeg,1,2022-06-09 16:46:38
107,https://xposapi.infortronix.com/uploads/xposcnbtools/products/b49df864e99bdf69cb45ebc7074cba8016547734261359462254.jpg,b49df864e99bdf69cb45ebc7074cba8016547734261359462254.jpg,image/jpeg,1,2022-06-09 16:47:06
108,https://xposapi.infortronix.com/uploads/xposcnbtools/products/884ce4e426a4863b49d76a053dc459461654773444550774267.jpg,884ce4e426a4863b49d76a053dc459461654773444550774267.jpg,image/jpeg,1,2022-06-09 16:47:24
109,https://xposapi.infortronix.com/uploads/xposcnbtools/products/e852ec8e800848528f78a4efda36dc26165477346970669103.jpg,e852ec8e800848528f78a4efda36dc26165477346970669103.jpg,image/jpeg,1,2022-06-09 16:47:49
110,https://xposapi.infortronix.com/uploads/xposcnbtools/products/a1a17ce8078a83b6032f62cd77f9115f16547744481117240279.jpg,a1a17ce8078a83b6032f62cd77f9115f16547744481117240279.jpg,image/jpeg,1,2022-06-09 17:04:08
111,https://xposapi.infortronix.com/uploads/xposcnbtools/products/e8c7a9e03e76b73dd727391c17ad70b51654774462712775318.jpg,e8c7a9e03e76b73dd727391c17ad70b51654774462712775318.jpg,image/jpeg,1,2022-06-09 17:04:22
112,https://xposapi.infortronix.com/uploads/xposcnbtools/products/69edfcc33c4e3d96c54228f1a577575816547744811060921797.jpg,69edfcc33c4e3d96c54228f1a577575816547744811060921797.jpg,image/jpeg,1,2022-06-09 17:04:41
113,https://xposapi.infortronix.com/uploads/xposcnbtools/products/baaef8332e5d44cf6eb7d51b07606fad16547744921528137031.jpg,baaef8332e5d44cf6eb7d51b07606fad16547744921528137031.jpg,image/jpeg,1,2022-06-09 17:04:52
114,https://xposapi.infortronix.com/uploads/xposcnbtools/products/cba108727461f590d43f09fcea763e1116547745032115037068.jpg,cba108727461f590d43f09fcea763e1116547745032115037068.jpg,image/jpeg,1,2022-06-09 17:05:03
115,https://xposapi.infortronix.com/uploads/xposcnbtools/products/731619f5c498fa99e0a3a67f7f9982731654774515138692762.jpg,731619f5c498fa99e0a3a67f7f9982731654774515138692762.jpg,image/jpeg,1,2022-06-09 17:05:15
116,https://xposapi.infortronix.com/uploads/xposcnbtools/products/6859040bf5fbbbf4f53e2c42c203b57116547746112127136643.jpg,6859040bf5fbbbf4f53e2c42c203b57116547746112127136643.jpg,image/jpeg,1,2022-06-09 17:06:51
117,https://xposapi.infortronix.com/uploads/xposcnbtools/products/961331d2ef158352b3a81039be582a6316547746331217768466.jpg,961331d2ef158352b3a81039be582a6316547746331217768466.jpg,image/jpeg,1,2022-06-09 17:07:13
118,https://xposapi.infortronix.com/uploads/xposcnbtools/products/951ace5207a3e8d89b30fc36ce3a33931654774705585616028.jpg,951ace5207a3e8d89b30fc36ce3a33931654774705585616028.jpg,image/jpeg,1,2022-06-09 17:08:25
119,https://xposapi.infortronix.com/uploads/xposcnbtools/products/ad136d73974087dde6834e4ade738aeb16547748541997373984.jpg,ad136d73974087dde6834e4ade738aeb16547748541997373984.jpg,image/jpeg,1,2022-06-09 17:10:54
120,https://xposapi.infortronix.com/uploads/xposcnbtools/products/3cd08d61303cc1e6f5080dc5ea0087df1654774878613612479.jpg,3cd08d61303cc1e6f5080dc5ea0087df1654774878613612479.jpg,image/jpeg,1,2022-06-09 17:11:18
121,https://xposapi.infortronix.com/uploads/xposcnbtools/products/6b9236bc7682223e98570782d8f7fcc316547750181239426289.jpg,6b9236bc7682223e98570782d8f7fcc316547750181239426289.jpg,image/jpeg,1,2022-06-09 17:13:38
122,https://xposapi.infortronix.com/uploads/xposcnbtools/products/0a53558bf1e47ddb25297c4a8185e82416555330902012234598.jpg,0a53558bf1e47ddb25297c4a8185e82416555330902012234598.jpg,image/jpeg,1,2022-06-18 11:48:10
123,https://xposapi.infortronix.com/uploads/xposcnbtools/products/5fd067e8a086f6b46952e7dba184d1b616587284712137198400.jpeg,5fd067e8a086f6b46952e7dba184d1b616587284712137198400.jpeg,image/jpeg,1,2022-07-25 11:24:31
124,https://xposapi.infortronix.com/uploads/xposcnbtools/products/76fd28b92e309c026103eb3c85d72fdd1659776414137816198.webp,76fd28b92e309c026103eb3c85d72fdd1659776414137816198.webp,image/webp,1,2022-08-06 14:30:14
125,https://xposapi.infortronix.com/uploads/xposcnbtools/products/4fae603fe2abfc768a695f34a9fbf6e51659776445220899430.webp,4fae603fe2abfc768a695f34a9fbf6e51659776445220899430.webp,image/webp,1,2022-08-06 14:30:45
126,https://xposapi.infortronix.com/uploads/xposcnbtools/products/46bf6a6ca74e2c2735f79f765326fe6a16671887041210820494.jpeg,46bf6a6ca74e2c2735f79f765326fe6a16671887041210820494.jpeg,image/jpeg,1,2022-10-31 09:28:24
127,https://xposapi.infortronix.com/uploads/xposcnbtools/products/f936adbbfc184de6923344dfa2f8458c16671895082031464714.jpg,f936adbbfc184de6923344dfa2f8458c16671895082031464714.jpg,image/jpeg,1,2022-10-31 09:41:48
128,https://xposapi.infortronix.com/uploads/xposcnbtools/products/eeb15a7fbf3ad179eacfca47d72aa6361675163485356052314.jpg,eeb15a7fbf3ad179eacfca47d72aa6361675163485356052314.jpg,image/jpeg,1,2023-01-31 16:41:25
129,https://xposapi.infortronix.com/uploads/xposcnbtools/products/273091f3701d11cb094c49995cba7a2e16751635521393976499.jpg,273091f3701d11cb094c49995cba7a2e16751635521393976499.jpg,image/jpeg,1,2023-01-31 16:42:32
130,https://xposapi.infortronix.com/uploads/xposcnbtools/products/17c2910aa877b0e92cd0647efa9d543316751635602052289078.jpg,17c2910aa877b0e92cd0647efa9d543316751635602052289078.jpg,image/jpeg,1,2023-01-31 16:42:40
131,https://xposapi.infortronix.com/uploads/xposcnbtools/products/b1702e63ab21bf98628600cd2106786a16751635731235426655.jpg,b1702e63ab21bf98628600cd2106786a16751635731235426655.jpg,image/jpeg,1,2023-01-31 16:42:53
132,https://xposapi.infortronix.com/uploads/xposcnbtools/products/c6f137297604050167520b852598c6e9167644985323412646.jpg,c6f137297604050167520b852598c6e9167644985323412646.jpg,image/jpeg,1,2023-02-15 14:00:53
133,https://xposapi.infortronix.com/uploads/xposcnbtools/products/60731bb972045e5ef67e4c6248b0812216764531021037557409.jpg,60731bb972045e5ef67e4c6248b0812216764531021037557409.jpg,image/jpeg,1,2023-02-15 14:55:02
134,https://xposapi.infortronix.com/uploads/xposcnbtools/products/f2b8b59eff72fcf2a26e80b2f7491ffe16766982441963514237.jpg,f2b8b59eff72fcf2a26e80b2f7491ffe16766982441963514237.jpg,image/jpeg,1,2023-02-18 11:00:44
135,https://xposapi.infortronix.com/uploads/xposcnbtools/products/9e9f990d9fc9d4f1478b9d32387fb0b416767794461043415776.jpg,9e9f990d9fc9d4f1478b9d32387fb0b416767794461043415776.jpg,image/jpeg,1,2023-02-19 09:34:06
136,https://xposapi.infortronix.com/uploads/xposcnbtools/products/922c36c0e0666d373c0ca80f7835f22d1676779498720170677.jpg,922c36c0e0666d373c0ca80f7835f22d1676779498720170677.jpg,image/jpeg,1,2023-02-19 09:34:58
137,https://xposapi.infortronix.com/uploads/xposcnbtools/products/f0d0af15c84220d3861b94c1a332019416767795541873786105.jpg,f0d0af15c84220d3861b94c1a332019416767795541873786105.jpg,image/jpeg,1,2023-02-19 09:35:54
138,https://xposapi.infortronix.com/uploads/xposcnbtools/products/56ea3d1c065d08f677b2e789ce42412016767795551186625206.jpg,56ea3d1c065d08f677b2e789ce42412016767795551186625206.jpg,image/jpeg,1,2023-02-19 09:35:55
139,https://xposapi.infortronix.com/uploads/xposcnbtools/products/dccacc8d9fe36ca6d1b2363143b31a9916767797512090933888.jpg,dccacc8d9fe36ca6d1b2363143b31a9916767797512090933888.jpg,image/jpeg,1,2023-02-19 09:39:11
140,https://xposapi.infortronix.com/uploads/xposcnbtools/products/95f02bdd349a62014e25f02b59c71f9d16767798921134437511.jpg,95f02bdd349a62014e25f02b59c71f9d16767798921134437511.jpg,image/jpeg,1,2023-02-19 09:41:32
141,https://xposapi.infortronix.com/uploads/xposcnbtools/products/9481bb9693799ad82f0340df66e83bf416767799391124970239.jpg,9481bb9693799ad82f0340df66e83bf416767799391124970239.jpg,image/jpeg,1,2023-02-19 09:42:19
142,https://xposapi.infortronix.com/uploads/xposcnbtools/products/19ad0956f2897ff5d8fc752255cab7111676779954382852554.jpg,19ad0956f2897ff5d8fc752255cab7111676779954382852554.jpg,image/jpeg,1,2023-02-19 09:42:34
143,https://xposapi.infortronix.com/uploads/xposcnbtools/products/c8bcc6c9c77d5924be33701744c2758f167677998917029287.jpg,c8bcc6c9c77d5924be33701744c2758f167677998917029287.jpg,image/jpeg,1,2023-02-19 09:43:09
144,https://xposapi.infortronix.com/uploads/xposcnbtools/products/98713025f01de9ddf86f4d4b04ffeeeb16767800521141716347.jpg,98713025f01de9ddf86f4d4b04ffeeeb16767800521141716347.jpg,image/jpeg,1,2023-02-19 09:44:12
145,https://xposapi.infortronix.com/uploads/xposcnbtools/products/6bb873d27e16f1a6dafbca2a1bc209e516767868031415611454.jpg,6bb873d27e16f1a6dafbca2a1bc209e516767868031415611454.jpg,image/jpeg,1,2023-02-19 11:36:43
146,https://xposapi.infortronix.com/uploads/xposcnbtools/products/1f328268cda4c316ebce686c9720eb0316767868191583683214.jpg,1f328268cda4c316ebce686c9720eb0316767868191583683214.jpg,image/jpeg,1,2023-02-19 11:36:59
147,https://xposapi.infortronix.com/uploads/xposcnbtools/products/8000a04b327a538e6c19f02bcadf019116767868531315327965.jpg,8000a04b327a538e6c19f02bcadf019116767868531315327965.jpg,image/jpeg,1,2023-02-19 11:37:33
148,https://xposapi.infortronix.com/uploads/xposcnbtools/products/de34fa241236222e07ec1a3dff7d1b84167678704943743893.jpg,de34fa241236222e07ec1a3dff7d1b84167678704943743893.jpg,image/jpeg,1,2023-02-19 11:40:49
149,https://xposapi.infortronix.com/uploads/xposcnbtools/products/c38277b0175430f6354562b7cb61f98316767870611596103960.jpg,c38277b0175430f6354562b7cb61f98316767870611596103960.jpg,image/jpeg,1,2023-02-19 11:41:01
150,https://xposapi.infortronix.com/uploads/xposcnbtools/products/5c673809baf7992aef42d0122e7303c916767870861521795003.jpg,5c673809baf7992aef42d0122e7303c916767870861521795003.jpg,image/jpeg,1,2023-02-19 11:41:26
151,https://xposapi.infortronix.com/uploads/xposcnbtools/products/074a6548c641a9ac6219c9b306ab763b16767871041944038192.jpg,074a6548c641a9ac6219c9b306ab763b16767871041944038192.jpg,image/jpeg,1,2023-02-19 11:41:44
152,https://xposapi.infortronix.com/uploads/xposcnbtools/products/05affb35da0983acdfa3cf40248293c216767872071466946251.jpg,05affb35da0983acdfa3cf40248293c216767872071466946251.jpg,image/jpeg,1,2023-02-19 11:43:27
153,https://xposapi.infortronix.com/uploads/xposcnbtools/products/ea666354c759a32e271d564d3ae767091676787220381768919.jpg,ea666354c759a32e271d564d3ae767091676787220381768919.jpg,image/jpeg,1,2023-02-19 11:43:40
154,https://xposapi.infortronix.com/uploads/xposcnbtools/products/cf8f7f653a8ea7b59d08b6c91e3183b216767872331750846445.jpg,cf8f7f653a8ea7b59d08b6c91e3183b216767872331750846445.jpg,image/jpeg,1,2023-02-19 11:43:53
155,https://xposapi.infortronix.com/uploads/xposcnbtools/products/3addbe393657732fb69874b77f1b278b1677217197320809593.jpg,3addbe393657732fb69874b77f1b278b1677217197320809593.jpg,image/jpeg,1,2023-02-24 11:09:57
156,https://xposapi.infortronix.com/uploads/xposcnbtools/products/49e0449a31e7a34a208bb1521544816916773878051473363249.jpg,49e0449a31e7a34a208bb1521544816916773878051473363249.jpg,image/jpeg,1,2023-02-26 10:33:25
157,https://xposapi.infortronix.com/uploads/xposcnbtools/products/cea4f8d48201c90fe7dca470e7bff18216779241682068743007.jpg,cea4f8d48201c90fe7dca470e7bff18216779241682068743007.jpg,image/jpeg,1,2023-03-04 15:32:48
158,https://xposapi.infortronix.com/uploads/xposcnbtools/products/cdf8ed852fc77d3126bdd12ecf616ab016846413071437163677.jpg,cdf8ed852fc77d3126bdd12ecf616ab016846413071437163677.jpg,image/jpeg,1,2023-05-21 09:25:07
159,https://xposapi.infortronix.com/uploads/xposcnbtools/products/243251d96abf90b9b762c67f76d9cc9216855181311915416530.jpg,243251d96abf90b9b762c67f76d9cc9216855181311915416530.jpg,image/jpeg,1,2023-05-31 12:58:51
160,https://xposapi.infortronix.com/uploads/xposcnbtools/products/addf699c582908b82280aeaf7544733916890586471899608696.jpg,addf699c582908b82280aeaf7544733916890586471899608696.jpg,image/jpeg,1,2023-07-11 12:27:27
161,https://xposapi.infortronix.com/uploads/xposcnbtools/products/e2cdd3cc677c602f5b79a4aeeec0757216893173481911565378.jpg,e2cdd3cc677c602f5b79a4aeeec0757216893173481911565378.jpg,image/jpeg,1,2023-07-14 12:19:08
162,https://xposapi.infortronix.com/uploads/xposcnbtools/products/e64ccbe431d70374174d6f2a75ffecb31689317368988407825.jpg,e64ccbe431d70374174d6f2a75ffecb31689317368988407825.jpg,image/jpeg,1,2023-07-14 12:19:28
163,https://xposapi.infortronix.com/uploads/xposcnbtools/products/db7df604a9e763798998c782c176179516904377642123844793.jpg,db7df604a9e763798998c782c176179516904377642123844793.jpg,image/jpeg,1,2023-07-27 11:32:44
164,https://xposapi.infortronix.com/uploads/xposcnbtools/products/8756544f06307ec6f158f07d11442ed31690437764945374986.jpg,8756544f06307ec6f158f07d11442ed31690437764945374986.jpg,image/jpeg,1,2023-07-27 11:32:44
165,https://xposapi.infortronix.com/uploads/xposcnbtools/products/e03ad7696e5f045f1e41b20f8b74e0e216906989941568697073.jpg,e03ad7696e5f045f1e41b20f8b74e0e216906989941568697073.jpg,image/jpeg,1,2023-07-30 12:06:34
